[
    1,
    [
        "2cPQg5zY1KKqN05UdSwa0i@6c48a"
    ],
    [
        "_textureSource"
    ],
    [
        "cc.SpriteFrame"
    ],
    0,
    [
        {
            "name": "Frame_Small_Setting",
            "rect": {
                "x": 0,
                "y": 0,
                "width": 1404,
                "height": 348
            },
            "offset": {
                "x": 0,
                "y": 0
            },
            "originalSize": {
                "width": 1404,
                "height": 348
            },
            "rotated": false,
            "capInsets": [
                0,
                0,
                0,
                0
            ],
            "packable": true
        }
    ],
    [
        0
    ],
    0,
    [
        0
    ],
    [
        0
    ],
    [
        0
    ]
]
