[
    1,
    [
        "11wu9v1nlDsKNHCK8uw1me@6c48a"
    ],
    [
        "_textureSource"
    ],
    [
        "cc.SpriteFrame"
    ],
    0,
    [
        {
            "name": "loading_bar_blue",
            "rect": {
                "x": 0,
                "y": 0,
                "width": 1438,
                "height": 44
            },
            "offset": {
                "x": 0,
                "y": 0
            },
            "originalSize": {
                "width": 1438,
                "height": 44
            },
            "rotated": false,
            "capInsets": [
                23,
                15,
                23,
                15
            ],
            "packable": true
        }
    ],
    [
        0
    ],
    0,
    [
        0
    ],
    [
        0
    ],
    [
        0
    ]
]
