{
  "f46876e4-e81b-4931-b493-6d367be385e7": {
    "assetUuid": "f46876e4-e81b-4931-b493-6d367be385e7",
    "animationUuid": "",
    "expandLevels": [
      "0"
    ]
  },
  "d0e18a01-dd25-49fd-b56c-4a2337ece1b8": {
    "assetUuid": "d0e18a01-dd25-49fd-b56c-4a2337ece1b8",
    "animationUuid": "",
    "expandLevels": [
      "0",
      "0_2",
      "0_2_1",
      "0_2_1_1",
      "0_2_1_2",
      "0_2_1_3",
      "0_2_1_3_1",
      "0_2_1_3_1_0",
      "0_2_1_3_1_0_0",
      "0_2_1_3_1_0_1",
      "0_2_1_3_1_0_2",
      "0_2_1_3_1_0_3",
      "0_2_1_4",
      "0_2_2"
    ]
  },
  "8e654bf8-bbc7-4d3d-bae2-35119b355bc8": {
    "assetUuid": "8e654bf8-bbc7-4d3d-bae2-35119b355bc8",
    "animationUuid": "",
    "expandLevels": [
      "0",
      "0_2",
      "0_2_1",
      "0_2_1_1",
      "0_2_1_2"
    ]
  },
  "79e33d0f-b8f0-4a46-810d-aae23d7acddb": {
    "assetUuid": "79e33d0f-b8f0-4a46-810d-aae23d7acddb",
    "animationUuid": "",
    "expandLevels": [
      "0_0",
      "0_0_1_0",
      "0_0_2",
      "0_0_2_1",
      "0_0_2_1_0",
      "0_0_2_1_0_1_0"
    ]
  },
  "471ca75f-e159-4c18-932a-b3563789e3e3": {
    "assetUuid": "471ca75f-e159-4c18-932a-b3563789e3e3",
    "animationUuid": "",
    "expandLevels": [
      "0",
      "0_2",
      "0_2_1",
      "0_2_1_3",
      "0_2_1_3_0_0",
      "0_2_1_3_2",
      "0_2_1_3_3",
      "0_2_1_3_3_0"
    ]
  }
}
