{
  "__type__": "cc.SpriteFrame",
  "content": {
    "name": "playerbg",
    "atlas": "",
    "rect": {
      "x": 0,
      "y": 0,
      "width": 192,
      "height": 104
    },
    "offset": {
      "x": 0,
      "y": 0
    },
    "originalSize": {
      "width": 192,
      "height": 104
    },
    "rotated": false,
    "capInsets": [
      0,
      0,
      0,
      0
    ],
    "vertices": {
      "rawPosition": [
        -96,
        -52,
        0,
        96,
        -52,
        0,
        -96,
        52,
        0,
        96,
        52,
        0
      ],
      "indexes": [
        0,
        1,
        2,
        2,
        1,
        3
      ],
      "uv": [
        0,
        104,
        192,
        104,
        0,
        0,
        192,
        0
      ],
      "nuv": [
        0,
        0,
        1,
        0,
        0,
        1,
        1,
        1
      ],
      "minPos": {
        "x": -96,
        "y": -52,
        "z": 0
      },
      "maxPos": {
        "x": 96,
        "y": 52,
        "z": 0
      }
    },
    "texture": "1974a20d-7d47-4286-a7df-c803d9bc7449@6c48a",
    "packable": true,
    "pixelsToUnit": 100,
    "pivot": {
      "x": 0.5,
      "y": 0.5
    },
    "meshType": 0
  }
}