{
  "__type__": "cc.SpriteFrame",
  "content": {
    "name": "button1",
    "atlas": "",
    "rect": {
      "x": 0,
      "y": 0,
      "width": 219,
      "height": 77
    },
    "offset": {
      "x": 0,
      "y": 0
    },
    "originalSize": {
      "width": 219,
      "height": 77
    },
    "rotated": false,
    "capInsets": [
      0,
      0,
      0,
      0
    ],
    "vertices": {
      "rawPosition": [
        -109.5,
        -38.5,
        0,
        109.5,
        -38.5,
        0,
        -109.5,
        38.5,
        0,
        109.5,
        38.5,
        0
      ],
      "indexes": [
        0,
        1,
        2,
        2,
        1,
        3
      ],
      "uv": [
        0,
        77,
        219,
        77,
        0,
        0,
        219,
        0
      ],
      "nuv": [
        0,
        0,
        1,
        0,
        0,
        1,
        1,
        1
      ],
      "minPos": {
        "x": -109.5,
        "y": -38.5,
        "z": 0
      },
      "maxPos": {
        "x": 109.5,
        "y": 38.5,
        "z": 0
      }
    },
    "texture": "6148f6d7-5230-485d-be03-d6bca024dce8@6c48a",
    "packable": true,
    "pixelsToUnit": 100,
    "pivot": {
      "x": 0.5,
      "y": 0.5
    },
    "meshType": 0
  }
}