{
  "__type__": "cc.SpriteFrame",
  "content": {
    "name": "item3",
    "atlas": "",
    "rect": {
      "x": 0,
      "y": 0,
      "width": 52,
      "height": 52
    },
    "offset": {
      "x": 0,
      "y": 0
    },
    "originalSize": {
      "width": 52,
      "height": 52
    },
    "rotated": false,
    "capInsets": [
      0,
      0,
      0,
      0
    ],
    "vertices": {
      "rawPosition": [
        -26,
        -26,
        0,
        26,
        -26,
        0,
        -26,
        26,
        0,
        26,
        26,
        0
      ],
      "indexes": [
        0,
        1,
        2,
        2,
        1,
        3
      ],
      "uv": [
        0,
        52,
        52,
        52,
        0,
        0,
        52,
        0
      ],
      "nuv": [
        0,
        0,
        1,
        0,
        0,
        1,
        1,
        1
      ],
      "minPos": {
        "x": -26,
        "y": -26,
        "z": 0
      },
      "maxPos": {
        "x": 26,
        "y": 26,
        "z": 0
      }
    },
    "texture": "45b31414-d45f-4afd-bb20-313a888f4194@6c48a",
    "packable": true,
    "pixelsToUnit": 100,
    "pivot": {
      "x": 0.5,
      "y": 0.5
    },
    "meshType": 0
  }
}