{
  "__type__": "cc.SpriteFrame",
  "content": {
    "name": "player-select",
    "atlas": "",
    "rect": {
      "x": 0,
      "y": 0,
      "width": 48,
      "height": 48
    },
    "offset": {
      "x": 0,
      "y": 0
    },
    "originalSize": {
      "width": 48,
      "height": 48
    },
    "rotated": false,
    "capInsets": [
      0,
      0,
      0,
      0
    ],
    "vertices": {
      "rawPosition": [
        -24,
        -24,
        0,
        24,
        -24,
        0,
        -24,
        24,
        0,
        24,
        24,
        0
      ],
      "indexes": [
        0,
        1,
        2,
        2,
        1,
        3
      ],
      "uv": [
        0,
        48,
        48,
        48,
        0,
        0,
        48,
        0
      ],
      "nuv": [
        0,
        0,
        1,
        0,
        0,
        1,
        1,
        1
      ],
      "minPos": {
        "x": -24,
        "y": -24,
        "z": 0
      },
      "maxPos": {
        "x": 24,
        "y": 24,
        "z": 0
      }
    },
    "texture": "f2dd7f5f-bcb7-4ea3-a3af-c10a818d107b@6c48a",
    "packable": true,
    "pixelsToUnit": 100,
    "pivot": {
      "x": 0.5,
      "y": 0.5
    },
    "meshType": 0
  }
}