{
  "__type__": "cc.SpriteFrame",
  "content": {
    "name": "check-off",
    "atlas": "",
    "rect": {
      "x": 0,
      "y": 0,
      "width": 95,
      "height": 86
    },
    "offset": {
      "x": 0,
      "y": 0
    },
    "originalSize": {
      "width": 95,
      "height": 86
    },
    "rotated": false,
    "capInsets": [
      0,
      0,
      0,
      0
    ],
    "vertices": {
      "rawPosition": [
        -47.5,
        -43,
        0,
        47.5,
        -43,
        0,
        -47.5,
        43,
        0,
        47.5,
        43,
        0
      ],
      "indexes": [
        0,
        1,
        2,
        2,
        1,
        3
      ],
      "uv": [
        0,
        86,
        95,
        86,
        0,
        0,
        95,
        0
      ],
      "nuv": [
        0,
        0,
        1,
        0,
        0,
        1,
        1,
        1
      ],
      "minPos": {
        "x": -47.5,
        "y": -43,
        "z": 0
      },
      "maxPos": {
        "x": 47.5,
        "y": 43,
        "z": 0
      }
    },
    "texture": "9ee770e2-1b8d-4b51-923f-65a110c0f831@6c48a",
    "packable": true,
    "pixelsToUnit": 100,
    "pivot": {
      "x": 0.5,
      "y": 0.5
    },
    "meshType": 0
  }
}