{
  "__type__": "cc.SpriteFrame",
  "content": {
    "name": "ludoDice",
    "atlas": "",
    "rect": {
      "x": 1,
      "y": 2,
      "width": 372,
      "height": 485
    },
    "offset": {
      "x": -69,
      "y": 11.5
    },
    "originalSize": {
      "width": 512,
      "height": 512
    },
    "rotated": false,
    "capInsets": [
      0,
      0,
      0,
      0
    ],
    "vertices": {
      "rawPosition": [
        -186,
        -242.5,
        0,
        186,
        -242.5,
        0,
        -186,
        242.5,
        0,
        186,
        242.5,
        0
      ],
      "indexes": [
        0,
        1,
        2,
        2,
        1,
        3
      ],
      "uv": [
        1,
        510,
        373,
        510,
        1,
        25,
        373,
        25
      ],
      "nuv": [
        0.001953125,
        0.048828125,
        0.728515625,
        0.048828125,
        0.001953125,
        0.99609375,
        0.728515625,
        0.99609375
      ],
      "minPos": {
        "x": -186,
        "y": -242.5,
        "z": 0
      },
      "maxPos": {
        "x": 186,
        "y": 242.5,
        "z": 0
      }
    },
    "texture": "3a8a091b-07ea-4b16-a820-2027a3692954@6c48a",
    "packable": true,
    "pixelsToUnit": 100,
    "pivot": {
      "x": 0.5,
      "y": 0.5
    },
    "meshType": 0
  }
}