{
  "__type__": "cc.SpriteFrame",
  "content": {
    "name": "diceResult_4",
    "atlas": "41a9f186-307d-49db-8e8f-ad3f3c3e83d2",
    "rect": {
      "x": 208,
      "y": 109,
      "width": 82,
      "height": 108
    },
    "offset": {
      "x": 0,
      "y": 0
    },
    "originalSize": {
      "width": 82,
      "height": 108
    },
    "rotated": false,
    "capInsets": [
      0,
      0,
      0,
      0
    ],
    "vertices": {
      "rawPosition": [],
      "indexes": [],
      "uv": [],
      "nuv": [],
      "minPos": {
        "x": 0,
        "y": 0,
        "z": 0
      },
      "maxPos": {
        "x": 0,
        "y": 0,
        "z": 0
      }
    },
    "texture": "3a8a091b-07ea-4b16-a820-2027a3692954@6c48a",
    "packable": true,
    "pixelsToUnit": 100,
    "pivot": {
      "x": 0.5,
      "y": 0.5
    },
    "meshType": 0
  }
}