{
  "__type__": "cc.SpriteFrame",
  "content": {
    "name": "check-on",
    "atlas": "",
    "rect": {
      "x": 0,
      "y": 0,
      "width": 89,
      "height": 86
    },
    "offset": {
      "x": 0,
      "y": 0
    },
    "originalSize": {
      "width": 89,
      "height": 86
    },
    "rotated": false,
    "capInsets": [
      0,
      0,
      0,
      0
    ],
    "vertices": {
      "rawPosition": [
        -44.5,
        -43,
        0,
        44.5,
        -43,
        0,
        -44.5,
        43,
        0,
        44.5,
        43,
        0
      ],
      "indexes": [
        0,
        1,
        2,
        2,
        1,
        3
      ],
      "uv": [
        0,
        86,
        89,
        86,
        0,
        0,
        89,
        0
      ],
      "nuv": [
        0,
        0,
        1,
        0,
        0,
        1,
        1,
        1
      ],
      "minPos": {
        "x": -44.5,
        "y": -43,
        "z": 0
      },
      "maxPos": {
        "x": 44.5,
        "y": 43,
        "z": 0
      }
    },
    "texture": "f85f1d8b-e722-4f12-bfc2-d8edf76f62dd@6c48a",
    "packable": true,
    "pixelsToUnit": 100,
    "pivot": {
      "x": 0.5,
      "y": 0.5
    },
    "meshType": 0
  }
}