{
  "__type__": "cc.SpriteFrame",
  "content": {
    "name": "bg",
    "atlas": "",
    "rect": {
      "x": 0,
      "y": 0,
      "width": 720,
      "height": 1280
    },
    "offset": {
      "x": 0,
      "y": 0
    },
    "originalSize": {
      "width": 720,
      "height": 1280
    },
    "rotated": false,
    "capInsets": [
      0,
      0,
      0,
      0
    ],
    "vertices": {
      "rawPosition": [
        -360,
        -640,
        0,
        360,
        -640,
        0,
        -360,
        640,
        0,
        360,
        640,
        0
      ],
      "indexes": [
        0,
        1,
        2,
        2,
        1,
        3
      ],
      "uv": [
        0,
        1280,
        720,
        1280,
        0,
        0,
        720,
        0
      ],
      "nuv": [
        0,
        0,
        1,
        0,
        0,
        1,
        1,
        1
      ],
      "minPos": {
        "x": -360,
        "y": -640,
        "z": 0
      },
      "maxPos": {
        "x": 360,
        "y": 640,
        "z": 0
      }
    },
    "texture": "393b52f6-452d-41d5-ab7b-c6e659c50dd7@6c48a",
    "packable": true,
    "pixelsToUnit": 100,
    "pivot": {
      "x": 0.5,
      "y": 0.5
    },
    "meshType": 0
  }
}