{
  "__type__": "cc.SpriteFrame",
  "content": {
    "name": "player-focused",
    "atlas": "",
    "rect": {
      "x": 0,
      "y": 0,
      "width": 78,
      "height": 78
    },
    "offset": {
      "x": 0,
      "y": 0
    },
    "originalSize": {
      "width": 78,
      "height": 78
    },
    "rotated": false,
    "capInsets": [
      0,
      0,
      0,
      0
    ],
    "vertices": {
      "rawPosition": [
        -39,
        -39,
        0,
        39,
        -39,
        0,
        -39,
        39,
        0,
        39,
        39,
        0
      ],
      "indexes": [
        0,
        1,
        2,
        2,
        1,
        3
      ],
      "uv": [
        0,
        78,
        78,
        78,
        0,
        0,
        78,
        0
      ],
      "nuv": [
        0,
        0,
        1,
        0,
        0,
        1,
        1,
        1
      ],
      "minPos": {
        "x": -39,
        "y": -39,
        "z": 0
      },
      "maxPos": {
        "x": 39,
        "y": 39,
        "z": 0
      }
    },
    "texture": "a280840e-9236-45df-bc0c-524123432066@6c48a",
    "packable": true,
    "pixelsToUnit": 100,
    "pivot": {
      "x": 0.5,
      "y": 0.5
    },
    "meshType": 0
  }
}