{
  "__type__": "cc.SpriteFrame",
  "content": {
    "name": "yellow",
    "atlas": "",
    "rect": {
      "x": 0,
      "y": 0,
      "width": 60,
      "height": 87
    },
    "offset": {
      "x": 0,
      "y": 0
    },
    "originalSize": {
      "width": 60,
      "height": 87
    },
    "rotated": false,
    "capInsets": [
      0,
      0,
      0,
      0
    ],
    "vertices": {
      "rawPosition": [
        -30,
        -43.5,
        0,
        30,
        -43.5,
        0,
        -30,
        43.5,
        0,
        30,
        43.5,
        0
      ],
      "indexes": [
        0,
        1,
        2,
        2,
        1,
        3
      ],
      "uv": [
        0,
        87,
        60,
        87,
        0,
        0,
        60,
        0
      ],
      "nuv": [
        0,
        0,
        1,
        0,
        0,
        1,
        1,
        1
      ],
      "minPos": {
        "x": -30,
        "y": -43.5,
        "z": 0
      },
      "maxPos": {
        "x": 30,
        "y": 43.5,
        "z": 0
      }
    },
    "texture": "a282835b-4c7c-416a-9942-19fd0b7c06b8@6c48a",
    "packable": true,
    "pixelsToUnit": 100,
    "pivot": {
      "x": 0.5,
      "y": 0.5
    },
    "meshType": 0
  }
}