{
  "__type__": "cc.SpriteFrame",
  "content": {
    "name": "red",
    "atlas": "",
    "rect": {
      "x": 0,
      "y": 0,
      "width": 58,
      "height": 90
    },
    "offset": {
      "x": 0,
      "y": 0.5
    },
    "originalSize": {
      "width": 58,
      "height": 91
    },
    "rotated": false,
    "capInsets": [
      0,
      0,
      0,
      0
    ],
    "vertices": {
      "rawPosition": [
        -29,
        -45,
        0,
        29,
        -45,
        0,
        -29,
        45,
        0,
        29,
        45,
        0
      ],
      "indexes": [
        0,
        1,
        2,
        2,
        1,
        3
      ],
      "uv": [
        0,
        91,
        58,
        91,
        0,
        1,
        58,
        1
      ],
      "nuv": [
        0,
        0.01098901098901099,
        1,
        0.01098901098901099,
        0,
        1,
        1,
        1
      ],
      "minPos": {
        "x": -29,
        "y": -45,
        "z": 0
      },
      "maxPos": {
        "x": 29,
        "y": 45,
        "z": 0
      }
    },
    "texture": "e73a67f8-dd31-4d1c-8ea6-83fb5741e52e@6c48a",
    "packable": true,
    "pixelsToUnit": 100,
    "pivot": {
      "x": 0.5,
      "y": 0.5
    },
    "meshType": 0
  }
}