{"0043bebf-7231-4392-8988-c44fd3bdf090":{"option":{"mtime":1649578957000,"src":"/Volumes/T7/cocos-creator3x/VisualAssetPro/LearnNGo/LearnNGo/library/00/0043bebf-7231-4392-8988-c44fd3bdf090.png","compressOption":{"astc_8x8":"medium","pvrtc_4bits_rgb":"fast","png":80,"jpg":80}},"suffix":[".astc@96",".pvr@85",".png",".jpg"],"dest":"/Volumes/T7/cocos-creator3x/VisualAssetPro/LearnNGo/LearnNGo/temp/builder/CompressTexture/00/0043bebf-7231-4392-8988-c44fd3bdf090.png"},"11c2ef6f-d679-43b0-a347-08af2ec3599e":{"option":{"mtime":1649581751000,"src":"/Volumes/T7/cocos-creator3x/VisualAssetPro/LearnNGo/LearnNGo/library/11/11c2ef6f-d679-43b0-a347-08af2ec3599e.png","compressOption":{"astc_8x8":"medium","pvrtc_4bits_rgb":"fast","png":80,"jpg":80}},"suffix":[".astc@96",".pvr@85",".png",".jpg"],"dest":"/Volumes/T7/cocos-creator3x/VisualAssetPro/LearnNGo/LearnNGo/temp/builder/CompressTexture/11/11c2ef6f-d679-43b0-a347-08af2ec3599e.png"},"2e7f9c5b-868b-4478-a7a2-d83c22a475bb":{"option":{"mtime":1649578957000,"src":"/Volumes/T7/cocos-creator3x/VisualAssetPro/LearnNGo/LearnNGo/library/2e/2e7f9c5b-868b-4478-a7a2-d83c22a475bb.png","compressOption":{"astc_8x8":"medium","pvrtc_4bits_rgb":"fast","png":80,"jpg":80}},"suffix":[".astc@96",".pvr@85",".png",".jpg"],"dest":"/Volumes/T7/cocos-creator3x/VisualAssetPro/LearnNGo/LearnNGo/temp/builder/CompressTexture/2e/2e7f9c5b-868b-4478-a7a2-d83c22a475bb.png"},"4244bd71-a411-4b5b-b10c-2044f5934504":{"option":{"mtime":1649644191000,"src":"/Volumes/T7/cocos-creator3x/VisualAssetPro/LearnNGo/LearnNGo/library/42/4244bd71-a411-4b5b-b10c-2044f5934504.png","compressOption":{"astc_8x8":"medium","pvrtc_4bits_rgb":"fast","png":80,"jpg":80}},"suffix":[".astc@96",".pvr@85",".png",".jpg"],"dest":"/Volumes/T7/cocos-creator3x/VisualAssetPro/LearnNGo/LearnNGo/temp/builder/CompressTexture/42/4244bd71-a411-4b5b-b10c-2044f5934504.png"},"7f543993-15bc-4e37-9248-1114dd2c0004":{"option":{"mtime":1651636280000,"src":"/Volumes/T7/cocos-creator3x/VisualAssetPro/LearnNGo/LearnNGo/library/7f/7f543993-15bc-4e37-9248-1114dd2c0004.png","compressOption":{"astc_8x8":"medium","pvrtc_4bits_rgb":"fast","png":80,"jpg":80}},"suffix":[".astc@96",".pvr@85",".png",".jpg"],"dest":"/Volumes/T7/cocos-creator3x/VisualAssetPro/LearnNGo/LearnNGo/temp/builder/CompressTexture/7f/7f543993-15bc-4e37-9248-1114dd2c0004.png"},"7ff47567-d889-40a3-8a61-73c7f17be388":{"option":{"mtime":1649578957000,"src":"/Volumes/T7/cocos-creator3x/VisualAssetPro/LearnNGo/LearnNGo/library/7f/7ff47567-d889-40a3-8a61-73c7f17be388.png","compressOption":{"astc_8x8":"medium","pvrtc_4bits_rgb":"fast","png":80,"jpg":80}},"suffix":[".astc@96",".pvr@85",".png",".jpg"],"dest":"/Volumes/T7/cocos-creator3x/VisualAssetPro/LearnNGo/LearnNGo/temp/builder/CompressTexture/7f/7ff47567-d889-40a3-8a61-73c7f17be388.png"},"87f91bbb-8434-4187-b4f6-837e0117ffdd":{"option":{"mtime":1649564885000,"src":"/Volumes/T7/cocos-creator3x/VisualAssetPro/LearnNGo/LearnNGo/library/87/87f91bbb-8434-4187-b4f6-837e0117ffdd.png","compressOption":{"astc_8x8":"medium","pvrtc_4bits_rgb":"fast","png":80,"jpg":80}},"suffix":[".astc@96",".pvr@85",".png",".jpg"],"dest":"/Volumes/T7/cocos-creator3x/VisualAssetPro/LearnNGo/LearnNGo/temp/builder/CompressTexture/87/87f91bbb-8434-4187-b4f6-837e0117ffdd.png"},"8a1a83ac-b87e-44e7-afae-6427be029891":{"option":{"mtime":1649578957000,"src":"/Volumes/T7/cocos-creator3x/VisualAssetPro/LearnNGo/LearnNGo/library/8a/8a1a83ac-b87e-44e7-afae-6427be029891.png","compressOption":{"astc_8x8":"medium","pvrtc_4bits_rgb":"fast","png":80,"jpg":80}},"suffix":[".astc@96",".pvr@85",".png",".jpg"],"dest":"/Volumes/T7/cocos-creator3x/VisualAssetPro/LearnNGo/LearnNGo/temp/builder/CompressTexture/8a/8a1a83ac-b87e-44e7-afae-6427be029891.png"},"8f464e5a-a81a-40e5-9f5c-3fdef178e432":{"option":{"mtime":1651636039000,"src":"/Volumes/T7/cocos-creator3x/VisualAssetPro/LearnNGo/LearnNGo/library/8f/8f464e5a-a81a-40e5-9f5c-3fdef178e432.png","compressOption":{"astc_8x8":"medium","pvrtc_4bits_rgb":"fast","png":80,"jpg":80}},"suffix":[".astc@96",".pvr@85",".png",".jpg"],"dest":"/Volumes/T7/cocos-creator3x/VisualAssetPro/LearnNGo/LearnNGo/temp/builder/CompressTexture/8f/8f464e5a-a81a-40e5-9f5c-3fdef178e432.png"},"98fce9f3-dbfa-4b84-9b4b-d949cedcf1a5":{"option":{"mtime":1649578957000,"src":"/Volumes/T7/cocos-creator3x/VisualAssetPro/LearnNGo/LearnNGo/library/98/98fce9f3-dbfa-4b84-9b4b-d949cedcf1a5.png","compressOption":{"astc_8x8":"medium","pvrtc_4bits_rgb":"fast","png":80,"jpg":80}},"suffix":[".astc@96",".pvr@85",".png",".jpg"],"dest":"/Volumes/T7/cocos-creator3x/VisualAssetPro/LearnNGo/LearnNGo/temp/builder/CompressTexture/98/98fce9f3-dbfa-4b84-9b4b-d949cedcf1a5.png"},"9b5693df-4e33-4425-8efb-3bb8f06148d2":{"option":{"mtime":1649578957000,"src":"/Volumes/T7/cocos-creator3x/VisualAssetPro/LearnNGo/LearnNGo/library/9b/9b5693df-4e33-4425-8efb-3bb8f06148d2.png","compressOption":{"astc_8x8":"medium","pvrtc_4bits_rgb":"fast","png":80,"jpg":80}},"suffix":[".astc@96",".pvr@85",".png",".jpg"],"dest":"/Volumes/T7/cocos-creator3x/VisualAssetPro/LearnNGo/LearnNGo/temp/builder/CompressTexture/9b/9b5693df-4e33-4425-8efb-3bb8f06148d2.png"},"acc1c75f-5751-40c1-88c6-2bc207e1d330":{"option":{"mtime":1651634071000,"src":"/Volumes/T7/cocos-creator3x/VisualAssetPro/LearnNGo/LearnNGo/library/ac/acc1c75f-5751-40c1-88c6-2bc207e1d330.jpg","compressOption":{"astc_8x8":"medium","pvrtc_4bits_rgb":"fast","png":80,"jpg":80}},"suffix":[".astc@96",".pvr@85",".png",".jpg"],"dest":"/Volumes/T7/cocos-creator3x/VisualAssetPro/LearnNGo/LearnNGo/temp/builder/CompressTexture/ac/acc1c75f-5751-40c1-88c6-2bc207e1d330.jpg"},"b2c50b23-a607-4e9a-8626-c2d5d7658ffa":{"option":{"mtime":1651636243000,"src":"/Volumes/T7/cocos-creator3x/VisualAssetPro/LearnNGo/LearnNGo/library/b2/b2c50b23-a607-4e9a-8626-c2d5d7658ffa.png","compressOption":{"astc_8x8":"medium","pvrtc_4bits_rgb":"fast","png":80,"jpg":80}},"suffix":[".astc@96",".pvr@85",".png",".jpg"],"dest":"/Volumes/T7/cocos-creator3x/VisualAssetPro/LearnNGo/LearnNGo/temp/builder/CompressTexture/b2/b2c50b23-a607-4e9a-8626-c2d5d7658ffa.png"},"be545692-3418-4bce-a3a6-032553b31a52":{"option":{"mtime":1649578957000,"src":"/Volumes/T7/cocos-creator3x/VisualAssetPro/LearnNGo/LearnNGo/library/be/be545692-3418-4bce-a3a6-032553b31a52.png","compressOption":{"astc_8x8":"medium","pvrtc_4bits_rgb":"fast","png":80,"jpg":80}},"suffix":[".astc@96",".pvr@85",".png",".jpg"],"dest":"/Volumes/T7/cocos-creator3x/VisualAssetPro/LearnNGo/LearnNGo/temp/builder/CompressTexture/be/be545692-3418-4bce-a3a6-032553b31a52.png"},"ca3be03a-c189-4148-a2d5-fb0eb88751b5":{"option":{"mtime":1649578957000,"src":"/Volumes/T7/cocos-creator3x/VisualAssetPro/LearnNGo/LearnNGo/library/ca/ca3be03a-c189-4148-a2d5-fb0eb88751b5.png","compressOption":{"astc_8x8":"medium","pvrtc_4bits_rgb":"fast","png":80,"jpg":80}},"suffix":[".astc@96",".pvr@85",".png",".jpg"],"dest":"/Volumes/T7/cocos-creator3x/VisualAssetPro/LearnNGo/LearnNGo/temp/builder/CompressTexture/ca/ca3be03a-c189-4148-a2d5-fb0eb88751b5.png"},"ca926371-ebfd-4095-9d10-7c3967caa1a3":{"option":{"mtime":1649564895000,"src":"/Volumes/T7/cocos-creator3x/VisualAssetPro/LearnNGo/LearnNGo/library/ca/ca926371-ebfd-4095-9d10-7c3967caa1a3.png","compressOption":{"astc_8x8":"medium","pvrtc_4bits_rgb":"fast","png":80,"jpg":80}},"suffix":[".astc@96",".pvr@85",".png",".jpg"],"dest":"/Volumes/T7/cocos-creator3x/VisualAssetPro/LearnNGo/LearnNGo/temp/builder/CompressTexture/ca/ca926371-ebfd-4095-9d10-7c3967caa1a3.png"},"dc2f69d2-aca7-4a1c-a831-1a28c91179e3":{"option":{"mtime":1651632652000,"src":"/Volumes/T7/cocos-creator3x/VisualAssetPro/LearnNGo/LearnNGo/library/dc/dc2f69d2-aca7-4a1c-a831-1a28c91179e3.png","compressOption":{"astc_8x8":"medium","pvrtc_4bits_rgb":"fast","png":80,"jpg":80}},"suffix":[".astc@96",".pvr@85",".png",".jpg"],"dest":"/Volumes/T7/cocos-creator3x/VisualAssetPro/LearnNGo/LearnNGo/temp/builder/CompressTexture/dc/dc2f69d2-aca7-4a1c-a831-1a28c91179e3.png"},"eb3b904a-d38a-4bf1-b7c0-0b600aa7a980":{"option":{"mtime":1649578957000,"src":"/Volumes/T7/cocos-creator3x/VisualAssetPro/LearnNGo/LearnNGo/library/eb/eb3b904a-d38a-4bf1-b7c0-0b600aa7a980.png","compressOption":{"astc_8x8":"medium","pvrtc_4bits_rgb":"fast","png":80,"jpg":80}},"suffix":[".astc@96",".pvr@85",".png",".jpg"],"dest":"/Volumes/T7/cocos-creator3x/VisualAssetPro/LearnNGo/LearnNGo/temp/builder/CompressTexture/eb/eb3b904a-d38a-4bf1-b7c0-0b600aa7a980.png"},"f258f3e6-841b-4766-a09d-658e5fd19157":{"option":{"mtime":1651636308000,"src":"/Volumes/T7/cocos-creator3x/VisualAssetPro/LearnNGo/LearnNGo/library/f2/f258f3e6-841b-4766-a09d-658e5fd19157.png","compressOption":{"astc_8x8":"medium","pvrtc_4bits_rgb":"fast","png":80,"jpg":80}},"suffix":[".astc@96",".pvr@85",".png",".jpg"],"dest":"/Volumes/T7/cocos-creator3x/VisualAssetPro/LearnNGo/LearnNGo/temp/builder/CompressTexture/f2/f258f3e6-841b-4766-a09d-658e5fd19157.png"},"f44ba9db-e929-4a09-a537-3562eb3cba03":{"option":{"mtime":1649564880000,"src":"/Volumes/T7/cocos-creator3x/VisualAssetPro/LearnNGo/LearnNGo/library/f4/f44ba9db-e929-4a09-a537-3562eb3cba03.jpg","compressOption":{"astc_8x8":"medium","pvrtc_4bits_rgb":"fast","png":80,"jpg":80}},"suffix":[".astc@96",".pvr@85",".png",".jpg"],"dest":"/Volumes/T7/cocos-creator3x/VisualAssetPro/LearnNGo/LearnNGo/temp/builder/CompressTexture/f4/f44ba9db-e929-4a09-a537-3562eb3cba03.jpg"},"f6d9b251-b061-4b38-a55c-f77eafb62904":{"option":{"mtime":1649578957000,"src":"/Volumes/T7/cocos-creator3x/VisualAssetPro/LearnNGo/LearnNGo/library/f6/f6d9b251-b061-4b38-a55c-f77eafb62904.png","compressOption":{"astc_8x8":"medium","pvrtc_4bits_rgb":"fast","png":80,"jpg":80}},"suffix":[".astc@96",".pvr@85",".png",".jpg"],"dest":"/Volumes/T7/cocos-creator3x/VisualAssetPro/LearnNGo/LearnNGo/temp/builder/CompressTexture/f6/f6d9b251-b061-4b38-a55c-f77eafb62904.png"},"f93107e5-211f-469c-b047-0188fa2860ee":{"option":{"mtime":1649578957000,"src":"/Volumes/T7/cocos-creator3x/VisualAssetPro/LearnNGo/LearnNGo/library/f9/f93107e5-211f-469c-b047-0188fa2860ee.png","compressOption":{"astc_8x8":"medium","pvrtc_4bits_rgb":"fast","png":80,"jpg":80}},"suffix":[".astc@96",".pvr@85",".png",".jpg"],"dest":"/Volumes/T7/cocos-creator3x/VisualAssetPro/LearnNGo/LearnNGo/temp/builder/CompressTexture/f9/f93107e5-211f-469c-b047-0188fa2860ee.png"},"fcd93a8c-4dc1-4fec-8992-417d14ae0db3":{"option":{"mtime":1649578957000,"src":"/Volumes/T7/cocos-creator3x/VisualAssetPro/LearnNGo/LearnNGo/library/fc/fcd93a8c-4dc1-4fec-8992-417d14ae0db3.png","compressOption":{"astc_8x8":"medium","pvrtc_4bits_rgb":"fast","png":80,"jpg":80}},"suffix":[".astc@96",".pvr@85",".png",".jpg"],"dest":"/Volumes/T7/cocos-creator3x/VisualAssetPro/LearnNGo/LearnNGo/temp/builder/CompressTexture/fc/fcd93a8c-4dc1-4fec-8992-417d14ae0db3.png"}}
