{
  "C:\\Users\\thanh\\OneDrive\\Documents\\Projects\\CocosCreator\\Ludo\\LudoCocosCreator\\assets\\scripts.meta": {
    "time": 1711168830660.5032
  },
  "C:\\Users\\thanh\\OneDrive\\Documents\\Projects\\CocosCreator\\Ludo\\LudoCocosCreator\\assets\\scripts": {
    "time": 1711564792059.4216,
    "uuid": "a116a33c-20bb-42b0-b942-5ce12fa2dd41",
    "missing": false
  },
  "C:\\Users\\thanh\\OneDrive\\Documents\\Projects\\CocosCreator\\Ludo\\LudoCocosCreator\\assets\\scenes.meta": {
    "time": 1711168824532.3264
  },
  "C:\\Users\\thanh\\OneDrive\\Documents\\Projects\\CocosCreator\\Ludo\\LudoCocosCreator\\assets\\scenes": {
    "time": 1711168904736.1323,
    "uuid": "85c6564e-15c9-42f7-b173-8798155d5f08",
    "missing": false
  },
  "C:\\Users\\thanh\\OneDrive\\Documents\\Projects\\CocosCreator\\Ludo\\LudoCocosCreator\\assets\\textures.meta": {
    "time": 1711168850993.754
  },
  "C:\\Users\\thanh\\OneDrive\\Documents\\Projects\\CocosCreator\\Ludo\\LudoCocosCreator\\assets\\textures": {
    "time": 1711564703795.6062,
    "uuid": "ac6691ca-b6c8-44e0-b072-99a942967ac0",
    "missing": false
  },
  "C:\\Users\\thanh\\OneDrive\\Documents\\Projects\\CocosCreator\\Ludo\\LudoCocosCreator\\assets\\fonts.meta": {
    "time": 1711168857965.7458
  },
  "C:\\Users\\thanh\\OneDrive\\Documents\\Projects\\CocosCreator\\Ludo\\LudoCocosCreator\\assets\\fonts": {
    "time": 1711170888500.9358,
    "uuid": "f7983aec-0b1a-46bc-92b9-b3b618ab5983",
    "missing": false
  },
  "C:\\Users\\thanh\\OneDrive\\Documents\\Projects\\CocosCreator\\Ludo\\LudoCocosCreator\\assets\\sounds.meta": {
    "time": 1711168862416.9653
  },
  "C:\\Users\\thanh\\OneDrive\\Documents\\Projects\\CocosCreator\\Ludo\\LudoCocosCreator\\assets\\sounds": {
    "time": 1711168862408.6182,
    "uuid": "155d1cbc-08ed-4aea-a047-b6f10142a7d2",
    "missing": false
  },
  "C:\\Users\\thanh\\OneDrive\\Documents\\Projects\\CocosCreator\\Ludo\\LudoCocosCreator\\assets\\textures\\bg.jpg.meta": {
    "time": 1711168875632.7466
  },
  "C:\\Users\\thanh\\OneDrive\\Documents\\Projects\\CocosCreator\\Ludo\\LudoCocosCreator\\assets\\textures\\bg.jpg": {
    "time": 1711168361521.5503,
    "uuid": "393b52f6-452d-41d5-ab7b-c6e659c50dd7",
    "missing": false
  },
  "C:\\Users\\thanh\\OneDrive\\Documents\\Projects\\CocosCreator\\Ludo\\LudoCocosCreator\\assets\\scenes\\Ludo.scene.meta": {
    "time": 1711168901643.462
  },
  "C:\\Users\\thanh\\OneDrive\\Documents\\Projects\\CocosCreator\\Ludo\\LudoCocosCreator\\assets\\scenes\\Ludo.scene": {
    "time": 1711568943133.4758,
    "uuid": "12b56cef-5ea4-499d-b0ba-b89d9b9cdc4a",
    "missing": false
  },
  "C:\\Users\\thanh\\OneDrive\\Documents\\Projects\\CocosCreator\\Ludo\\LudoCocosCreator\\assets\\scripts\\Ludo.ts.meta": {
    "time": 1711169002760.201
  },
  "C:\\Users\\thanh\\OneDrive\\Documents\\Projects\\CocosCreator\\Ludo\\LudoCocosCreator\\assets\\scripts\\Ludo.ts": {
    "time": 1711568274493.4229,
    "uuid": "8245c1c1-7620-4ae0-913a-ce6d406c31cb",
    "missing": false
  },
  "C:\\Users\\thanh\\OneDrive\\Documents\\Projects\\CocosCreator\\Ludo\\LudoCocosCreator\\assets\\textures\\ludoDice.plist.meta": {
    "time": 1711169267145.5244
  },
  "C:\\Users\\thanh\\OneDrive\\Documents\\Projects\\CocosCreator\\Ludo\\LudoCocosCreator\\assets\\textures\\ludoDice.png.meta": {
    "time": 1711169267215.4565
  },
  "C:\\Users\\thanh\\OneDrive\\Documents\\Projects\\CocosCreator\\Ludo\\LudoCocosCreator\\assets\\textures\\ludoDice.plist": {
    "time": 1538375692000,
    "uuid": "41a9f186-307d-49db-8e8f-ad3f3c3e83d2",
    "missing": false
  },
  "C:\\Users\\thanh\\OneDrive\\Documents\\Projects\\CocosCreator\\Ludo\\LudoCocosCreator\\assets\\textures\\ludoDice.png": {
    "time": 1538375692000,
    "uuid": "3a8a091b-07ea-4b16-a820-2027a3692954",
    "missing": false
  },
  "C:\\Users\\thanh\\OneDrive\\Documents\\Projects\\CocosCreator\\Ludo\\LudoCocosCreator\\assets\\textures\\sound-off.png.meta": {
    "time": 1711169697630.7578
  },
  "C:\\Users\\thanh\\OneDrive\\Documents\\Projects\\CocosCreator\\Ludo\\LudoCocosCreator\\assets\\textures\\sound-on.png.meta": {
    "time": 1711169697656.9329
  },
  "C:\\Users\\thanh\\OneDrive\\Documents\\Projects\\CocosCreator\\Ludo\\LudoCocosCreator\\assets\\textures\\sound-off.png": {
    "time": 1711169676578.3467,
    "uuid": "a0c98e01-0a20-44f4-a8b4-4cf8f21a68ad",
    "missing": false
  },
  "C:\\Users\\thanh\\OneDrive\\Documents\\Projects\\CocosCreator\\Ludo\\LudoCocosCreator\\assets\\textures\\sound-on.png": {
    "time": 1711169649910.3743,
    "uuid": "4649a1b3-47a4-4a86-973d-deb976ab3bef",
    "missing": false
  },
  "C:\\Users\\thanh\\OneDrive\\Documents\\Projects\\CocosCreator\\Ludo\\LudoCocosCreator\\assets\\textures\\popup1.png.meta": {
    "time": 1711170523407.4827
  },
  "C:\\Users\\thanh\\OneDrive\\Documents\\Projects\\CocosCreator\\Ludo\\LudoCocosCreator\\assets\\textures\\popup1.png": {
    "time": 1711170456421.122,
    "uuid": "20922c34-e2ed-4e5c-854a-656a1ed04a78",
    "missing": false
  },
  "C:\\Users\\thanh\\OneDrive\\Documents\\Projects\\CocosCreator\\Ludo\\LudoCocosCreator\\assets\\fonts\\MYRIADPRO-BOLD.ttf.meta": {
    "time": 1711170888524.1018
  },
  "C:\\Users\\thanh\\OneDrive\\Documents\\Projects\\CocosCreator\\Ludo\\LudoCocosCreator\\assets\\fonts\\MYRIADPRO-REGULAR.ttf.meta": {
    "time": 1711170888557.492
  },
  "C:\\Users\\thanh\\OneDrive\\Documents\\Projects\\CocosCreator\\Ludo\\LudoCocosCreator\\assets\\fonts\\MYRIADPRO-BOLDCOND.ttf.meta": {
    "time": 1711170888653.6313
  },
  "C:\\Users\\thanh\\OneDrive\\Documents\\Projects\\CocosCreator\\Ludo\\LudoCocosCreator\\assets\\fonts\\MYRIADPRO-COND.ttf.meta": {
    "time": 1711170888686.256
  },
  "C:\\Users\\thanh\\OneDrive\\Documents\\Projects\\CocosCreator\\Ludo\\LudoCocosCreator\\assets\\fonts\\MYRIADPRO-BOLD.ttf": {
    "time": 1538375692000,
    "uuid": "983297dc-f992-47e4-aede-ac02b76e7be3",
    "missing": false
  },
  "C:\\Users\\thanh\\OneDrive\\Documents\\Projects\\CocosCreator\\Ludo\\LudoCocosCreator\\assets\\fonts\\MYRIADPRO-REGULAR.ttf": {
    "time": 1538375692000,
    "uuid": "e0d9f128-d9eb-4c98-91b6-35b399344e0f",
    "missing": false
  },
  "C:\\Users\\thanh\\OneDrive\\Documents\\Projects\\CocosCreator\\Ludo\\LudoCocosCreator\\assets\\fonts\\MYRIADPRO-BOLDCOND.ttf": {
    "time": 1538375692000,
    "uuid": "293596e7-0d0e-4fe4-88f7-e12057e9145c",
    "missing": false
  },
  "C:\\Users\\thanh\\OneDrive\\Documents\\Projects\\CocosCreator\\Ludo\\LudoCocosCreator\\assets\\fonts\\MYRIADPRO-COND.ttf": {
    "time": 1538375692000,
    "uuid": "7c7b69a3-fc50-48af-9676-0378bac3b073",
    "missing": false
  },
  "C:\\Users\\thanh\\OneDrive\\Documents\\Projects\\CocosCreator\\Ludo\\LudoCocosCreator\\assets\\textures\\button1.png.meta": {
    "time": 1711171375607.1294
  },
  "C:\\Users\\thanh\\OneDrive\\Documents\\Projects\\CocosCreator\\Ludo\\LudoCocosCreator\\assets\\textures\\check-off.png.meta": {
    "time": 1711171375656.6577
  },
  "C:\\Users\\thanh\\OneDrive\\Documents\\Projects\\CocosCreator\\Ludo\\LudoCocosCreator\\assets\\textures\\button2.png.meta": {
    "time": 1711171375682.4133
  },
  "C:\\Users\\thanh\\OneDrive\\Documents\\Projects\\CocosCreator\\Ludo\\LudoCocosCreator\\assets\\textures\\check-on.png.meta": {
    "time": 1711171375686.2341
  },
  "C:\\Users\\thanh\\OneDrive\\Documents\\Projects\\CocosCreator\\Ludo\\LudoCocosCreator\\assets\\textures\\button1.png": {
    "time": 1711171311555.612,
    "uuid": "6148f6d7-5230-485d-be03-d6bca024dce8",
    "missing": false
  },
  "C:\\Users\\thanh\\OneDrive\\Documents\\Projects\\CocosCreator\\Ludo\\LudoCocosCreator\\assets\\textures\\check-off.png": {
    "time": 1711171246741.6147,
    "uuid": "9ee770e2-1b8d-4b51-923f-65a110c0f831",
    "missing": false
  },
  "C:\\Users\\thanh\\OneDrive\\Documents\\Projects\\CocosCreator\\Ludo\\LudoCocosCreator\\assets\\textures\\button2.png": {
    "time": 1711171352868.2952,
    "uuid": "438d0d66-b8ff-4a4f-b53d-21973f73063e",
    "missing": false
  },
  "C:\\Users\\thanh\\OneDrive\\Documents\\Projects\\CocosCreator\\Ludo\\LudoCocosCreator\\assets\\textures\\check-on.png": {
    "time": 1711171215618.7566,
    "uuid": "f85f1d8b-e722-4f12-bfc2-d8edf76f62dd",
    "missing": false
  },
  "C:\\Users\\thanh\\OneDrive\\Documents\\Projects\\CocosCreator\\Ludo\\LudoCocosCreator\\assets\\scripts\\GameMgr.ts.meta": {
    "time": 1711172072580.9749
  },
  "C:\\Users\\thanh\\OneDrive\\Documents\\Projects\\CocosCreator\\Ludo\\LudoCocosCreator\\assets\\scripts\\GameMgr.ts": {
    "time": 1711303384985.182,
    "uuid": "3042660d-4f10-4542-9b10-d4d91d6aefd1",
    "missing": false
  },
  "C:\\Users\\thanh\\OneDrive\\Documents\\Projects\\CocosCreator\\Ludo\\LudoCocosCreator\\assets\\scripts\\SelectPlayer.ts.meta": {
    "time": 1711172091657.799
  },
  "C:\\Users\\thanh\\OneDrive\\Documents\\Projects\\CocosCreator\\Ludo\\LudoCocosCreator\\assets\\scripts\\SelectPlayer.ts": {
    "time": 1711173339750.267,
    "uuid": "048234b1-7b04-49fd-820c-2e27a7734ff3",
    "missing": false
  },
  "C:\\Users\\thanh\\OneDrive\\Documents\\Projects\\CocosCreator\\Ludo\\LudoCocosCreator\\assets\\scripts\\SelectColor.ts.meta": {
    "time": 1711184480623.767
  },
  "C:\\Users\\thanh\\OneDrive\\Documents\\Projects\\CocosCreator\\Ludo\\LudoCocosCreator\\assets\\scripts\\SelectColor.ts": {
    "time": 1711306783625.5693,
    "uuid": "628ae99b-14e8-48e2-8161-e8b219e454fd",
    "missing": false
  },
  "C:\\Users\\thanh\\OneDrive\\Documents\\Projects\\CocosCreator\\Ludo\\LudoCocosCreator\\assets\\textures\\red-on.png.meta": {
    "time": 1711186178683.3884
  },
  "C:\\Users\\thanh\\OneDrive\\Documents\\Projects\\CocosCreator\\Ludo\\LudoCocosCreator\\assets\\textures\\yellow-on.png.meta": {
    "time": 1711185911626.431
  },
  "C:\\Users\\thanh\\OneDrive\\Documents\\Projects\\CocosCreator\\Ludo\\LudoCocosCreator\\assets\\textures\\blue-on.png.meta": {
    "time": 1711185911656.7788
  },
  "C:\\Users\\thanh\\OneDrive\\Documents\\Projects\\CocosCreator\\Ludo\\LudoCocosCreator\\assets\\textures\\green-on.png.meta": {
    "time": 1711186178677.7751
  },
  "C:\\Users\\thanh\\OneDrive\\Documents\\Projects\\CocosCreator\\Ludo\\LudoCocosCreator\\assets\\textures\\color-off.png.meta": {
    "time": 1711185911711.4294
  },
  "C:\\Users\\thanh\\OneDrive\\Documents\\Projects\\CocosCreator\\Ludo\\LudoCocosCreator\\assets\\textures\\red-on.png": {
    "time": 1711186169340.3923,
    "uuid": "6eee315e-f00c-4364-befc-4c578bb2df1a",
    "missing": false
  },
  "C:\\Users\\thanh\\OneDrive\\Documents\\Projects\\CocosCreator\\Ludo\\LudoCocosCreator\\assets\\textures\\yellow-on.png": {
    "time": 1711185727718.6348,
    "uuid": "2fbf0479-57c0-44c3-b1ea-7ac364b219c5",
    "missing": false
  },
  "C:\\Users\\thanh\\OneDrive\\Documents\\Projects\\CocosCreator\\Ludo\\LudoCocosCreator\\assets\\textures\\blue-on.png": {
    "time": 1711185703155.2202,
    "uuid": "2018885d-6d25-48ac-9f64-80caa13d6ea3",
    "missing": false
  },
  "C:\\Users\\thanh\\OneDrive\\Documents\\Projects\\CocosCreator\\Ludo\\LudoCocosCreator\\assets\\textures\\green-on.png": {
    "time": 1711186159190.0603,
    "uuid": "7fb4a9ac-6059-4bac-8125-112834160101",
    "missing": false
  },
  "C:\\Users\\thanh\\OneDrive\\Documents\\Projects\\CocosCreator\\Ludo\\LudoCocosCreator\\assets\\textures\\color-off.png": {
    "time": 1711185840323.1526,
    "uuid": "d1fdd47d-c9f6-4252-81ab-534b03b045cf",
    "missing": false
  },
  "C:\\Users\\thanh\\OneDrive\\Documents\\Projects\\CocosCreator\\Ludo\\LudoCocosCreator\\assets\\textures\\blue.png.meta": {
    "time": 1711186178695.9463
  },
  "C:\\Users\\thanh\\OneDrive\\Documents\\Projects\\CocosCreator\\Ludo\\LudoCocosCreator\\assets\\textures\\green.png.meta": {
    "time": 1711186178693.9463
  },
  "C:\\Users\\thanh\\OneDrive\\Documents\\Projects\\CocosCreator\\Ludo\\LudoCocosCreator\\assets\\textures\\red.png.meta": {
    "time": 1711186122540.1003
  },
  "C:\\Users\\thanh\\OneDrive\\Documents\\Projects\\CocosCreator\\Ludo\\LudoCocosCreator\\assets\\textures\\yellow.png.meta": {
    "time": 1711186122567.7764
  },
  "C:\\Users\\thanh\\OneDrive\\Documents\\Projects\\CocosCreator\\Ludo\\LudoCocosCreator\\assets\\textures\\blue.png": {
    "time": 1711186152431.5244,
    "uuid": "66547a84-f73d-41ad-a6db-c5daa3462a29",
    "missing": false
  },
  "C:\\Users\\thanh\\OneDrive\\Documents\\Projects\\CocosCreator\\Ludo\\LudoCocosCreator\\assets\\textures\\green.png": {
    "time": 1711186164924.371,
    "uuid": "4e6d0fb8-0c7b-42d5-b69a-ef2524205751",
    "missing": false
  },
  "C:\\Users\\thanh\\OneDrive\\Documents\\Projects\\CocosCreator\\Ludo\\LudoCocosCreator\\assets\\textures\\red.png": {
    "time": 1711186098622.0952,
    "uuid": "e73a67f8-dd31-4d1c-8ea6-83fb5741e52e",
    "missing": false
  },
  "C:\\Users\\thanh\\OneDrive\\Documents\\Projects\\CocosCreator\\Ludo\\LudoCocosCreator\\assets\\textures\\yellow.png": {
    "time": 1711186010374.5837,
    "uuid": "a282835b-4c7c-416a-9942-19fd0b7c06b8",
    "missing": false
  },
  "C:\\Users\\thanh\\OneDrive\\Documents\\Projects\\CocosCreator\\Ludo\\LudoCocosCreator\\assets\\textures\\bg2.jpg.meta": {
    "time": 1711188710497.7368
  },
  "C:\\Users\\thanh\\OneDrive\\Documents\\Projects\\CocosCreator\\Ludo\\LudoCocosCreator\\assets\\textures\\bg2.jpg": {
    "time": 1711188477881.6628,
    "uuid": "95641dc8-1bb0-473a-8739-feddf324c741",
    "missing": false
  },
  "C:\\Users\\thanh\\OneDrive\\Documents\\Projects\\CocosCreator\\Ludo\\LudoCocosCreator\\assets\\textures\\board.png.meta": {
    "time": 1711189950342.3628
  },
  "C:\\Users\\thanh\\OneDrive\\Documents\\Projects\\CocosCreator\\Ludo\\LudoCocosCreator\\assets\\textures\\board.png": {
    "time": 1711189936110.6646,
    "uuid": "5aaa1a3c-13a8-4924-8324-95c1113a6f40",
    "missing": false
  },
  "C:\\Users\\thanh\\OneDrive\\Documents\\Projects\\CocosCreator\\Ludo\\LudoCocosCreator\\assets\\textures\\boarditem.meta": {
    "time": 1711190064851.6782
  },
  "C:\\Users\\thanh\\OneDrive\\Documents\\Projects\\CocosCreator\\Ludo\\LudoCocosCreator\\assets\\textures\\boarditem": {
    "time": 1711271368083.7837,
    "uuid": "d62ea249-e550-4b54-8931-4951b8d5e734",
    "missing": false
  },
  "C:\\Users\\thanh\\OneDrive\\Documents\\Projects\\CocosCreator\\Ludo\\LudoCocosCreator\\assets\\textures\\boarditem\\item1.png.meta": {
    "time": 1711190617984.1946
  },
  "C:\\Users\\thanh\\OneDrive\\Documents\\Projects\\CocosCreator\\Ludo\\LudoCocosCreator\\assets\\textures\\boarditem\\item2.png.meta": {
    "time": 1711190618011.972
  },
  "C:\\Users\\thanh\\OneDrive\\Documents\\Projects\\CocosCreator\\Ludo\\LudoCocosCreator\\assets\\textures\\boarditem\\item3.png.meta": {
    "time": 1711270812272.3455
  },
  "C:\\Users\\thanh\\OneDrive\\Documents\\Projects\\CocosCreator\\Ludo\\LudoCocosCreator\\assets\\textures\\boarditem\\item4.png.meta": {
    "time": 1711190618100.74
  },
  "C:\\Users\\thanh\\OneDrive\\Documents\\Projects\\CocosCreator\\Ludo\\LudoCocosCreator\\assets\\textures\\boarditem\\item5.png.meta": {
    "time": 1711271091299.552
  },
  "C:\\Users\\thanh\\OneDrive\\Documents\\Projects\\CocosCreator\\Ludo\\LudoCocosCreator\\assets\\textures\\boarditem\\item1.png": {
    "time": 1711271368082.7864,
    "uuid": "db8ef368-bd9e-463f-8ba7-e6257bcbffed",
    "missing": false
  },
  "C:\\Users\\thanh\\OneDrive\\Documents\\Projects\\CocosCreator\\Ludo\\LudoCocosCreator\\assets\\textures\\boarditem\\item2.png": {
    "time": 1711190604921.4348,
    "uuid": "337ec2d7-6d30-4975-9351-f13cc9f8dab9",
    "missing": false
  },
  "C:\\Users\\thanh\\OneDrive\\Documents\\Projects\\CocosCreator\\Ludo\\LudoCocosCreator\\assets\\textures\\boarditem\\item3.png": {
    "time": 1711270809690.1404,
    "uuid": "45b31414-d45f-4afd-bb20-313a888f4194",
    "missing": false
  },
  "C:\\Users\\thanh\\OneDrive\\Documents\\Projects\\CocosCreator\\Ludo\\LudoCocosCreator\\assets\\textures\\boarditem\\item4.png": {
    "time": 1711190604761.4702,
    "uuid": "289a8c12-f3c0-47a5-b2fb-7ff2a508e22d",
    "missing": false
  },
  "C:\\Users\\thanh\\OneDrive\\Documents\\Projects\\CocosCreator\\Ludo\\LudoCocosCreator\\assets\\textures\\boarditem\\item5.png": {
    "time": 1711271087779.8022,
    "uuid": "9c58512a-dc3d-4a45-8fb3-7daf471bf54e",
    "missing": false
  },
  "C:\\Users\\thanh\\OneDrive\\Documents\\Projects\\CocosCreator\\Ludo\\LudoCocosCreator\\assets\\textures\\playerbg.png.meta": {
    "time": 1711275074330.152
  },
  "C:\\Users\\thanh\\OneDrive\\Documents\\Projects\\CocosCreator\\Ludo\\LudoCocosCreator\\assets\\textures\\playerbg.png": {
    "time": 1711275046620.348,
    "uuid": "1974a20d-7d47-4286-a7df-c803d9bc7449",
    "missing": false
  },
  "C:\\Users\\thanh\\OneDrive\\Documents\\Projects\\CocosCreator\\Ludo\\LudoCocosCreator\\assets\\anims.meta": {
    "time": 1711298099611.1963
  },
  "C:\\Users\\thanh\\OneDrive\\Documents\\Projects\\CocosCreator\\Ludo\\LudoCocosCreator\\assets\\anims": {
    "time": 1711307469031.0696,
    "uuid": "6cd84a11-155a-45a1-8f82-e2c73390b217",
    "missing": false
  },
  "C:\\Users\\thanh\\OneDrive\\Documents\\Projects\\CocosCreator\\Ludo\\LudoCocosCreator\\assets\\textures\\dices.meta": {
    "time": 1711275277839.694
  },
  "C:\\Users\\thanh\\OneDrive\\Documents\\Projects\\CocosCreator\\Ludo\\LudoCocosCreator\\assets\\textures\\dices": {
    "time": 1711298318372.5251,
    "uuid": "40970213-9d53-44ca-bbd8-5c026c6d6717",
    "missing": false
  },
  "C:\\Users\\thanh\\OneDrive\\Documents\\Projects\\CocosCreator\\Ludo\\LudoCocosCreator\\assets\\textures\\dices\\dice1.png.meta": {
    "time": 1711298318404.4624
  },
  "C:\\Users\\thanh\\OneDrive\\Documents\\Projects\\CocosCreator\\Ludo\\LudoCocosCreator\\assets\\textures\\dices\\dice6.png.meta": {
    "time": 1711298318430.5732
  },
  "C:\\Users\\thanh\\OneDrive\\Documents\\Projects\\CocosCreator\\Ludo\\LudoCocosCreator\\assets\\textures\\dices\\dice2.png.meta": {
    "time": 1711298318460.1155
  },
  "C:\\Users\\thanh\\OneDrive\\Documents\\Projects\\CocosCreator\\Ludo\\LudoCocosCreator\\assets\\textures\\dices\\dice3.png.meta": {
    "time": 1711298318487.9395
  },
  "C:\\Users\\thanh\\OneDrive\\Documents\\Projects\\CocosCreator\\Ludo\\LudoCocosCreator\\assets\\textures\\dices\\dice5.png.meta": {
    "time": 1711298318514.562
  },
  "C:\\Users\\thanh\\OneDrive\\Documents\\Projects\\CocosCreator\\Ludo\\LudoCocosCreator\\assets\\textures\\dices\\dice4.png.meta": {
    "time": 1711298318541.0132
  },
  "C:\\Users\\thanh\\OneDrive\\Documents\\Projects\\CocosCreator\\Ludo\\LudoCocosCreator\\assets\\textures\\dices\\dice1.png": {
    "time": 1711275490474.7188,
    "uuid": "caac506f-93cd-4487-8207-8deec65cff90",
    "missing": false
  },
  "C:\\Users\\thanh\\OneDrive\\Documents\\Projects\\CocosCreator\\Ludo\\LudoCocosCreator\\assets\\textures\\dices\\dice6.png": {
    "time": 1711279601195.0376,
    "uuid": "e2d4394b-06e3-445a-8b8d-ca2461f54241",
    "missing": false
  },
  "C:\\Users\\thanh\\OneDrive\\Documents\\Projects\\CocosCreator\\Ludo\\LudoCocosCreator\\assets\\textures\\dices\\dice2.png": {
    "time": 1711275507591.583,
    "uuid": "88f904a3-526b-402e-92ac-32c86d0706c4",
    "missing": false
  },
  "C:\\Users\\thanh\\OneDrive\\Documents\\Projects\\CocosCreator\\Ludo\\LudoCocosCreator\\assets\\textures\\dices\\dice3.png": {
    "time": 1711275529792.919,
    "uuid": "3a4f14a2-ab0c-42ca-8227-c40d96a97bdc",
    "missing": false
  },
  "C:\\Users\\thanh\\OneDrive\\Documents\\Projects\\CocosCreator\\Ludo\\LudoCocosCreator\\assets\\textures\\dices\\dice5.png": {
    "time": 1711279580061.5571,
    "uuid": "fdddc4f9-13b6-4b5b-becd-a2621758c47a",
    "missing": false
  },
  "C:\\Users\\thanh\\OneDrive\\Documents\\Projects\\CocosCreator\\Ludo\\LudoCocosCreator\\assets\\textures\\dices\\dice4.png": {
    "time": 1711279559724.1855,
    "uuid": "7270d8a2-ab47-4a34-aefd-fce12caff810",
    "missing": false
  },
  "C:\\Users\\thanh\\OneDrive\\Documents\\Projects\\CocosCreator\\Ludo\\LudoCocosCreator\\assets\\anims\\dice.anim.meta": {
    "time": 1711298432509.337
  },
  "C:\\Users\\thanh\\OneDrive\\Documents\\Projects\\CocosCreator\\Ludo\\LudoCocosCreator\\assets\\anims\\dice.anim": {
    "time": 1711359444804.8965,
    "uuid": "106680c0-2327-4de8-b0d2-033f4562d9a8",
    "missing": false
  },
  "C:\\Users\\thanh\\OneDrive\\Documents\\Projects\\CocosCreator\\Ludo\\LudoCocosCreator\\assets\\prefabs.meta": {
    "time": 1711298697009.6628
  },
  "C:\\Users\\thanh\\OneDrive\\Documents\\Projects\\CocosCreator\\Ludo\\LudoCocosCreator\\assets\\prefabs": {
    "time": 1711299917398.751,
    "uuid": "d463fd9c-f399-436f-abb1-e681c6d5a15c",
    "missing": false
  },
  "C:\\Users\\thanh\\OneDrive\\Documents\\Projects\\CocosCreator\\Ludo\\LudoCocosCreator\\assets\\prefabs\\pfDiceAnim.prefab.meta": {
    "time": 1711298700115.0088
  },
  "C:\\Users\\thanh\\OneDrive\\Documents\\Projects\\CocosCreator\\Ludo\\LudoCocosCreator\\assets\\prefabs\\pfDiceAnim.prefab": {
    "time": 1711359038480.1152,
    "uuid": "ffab8b08-9e22-4aad-92e6-b209dba56e48",
    "missing": false
  },
  "C:\\Users\\thanh\\OneDrive\\Documents\\Projects\\CocosCreator\\Ludo\\LudoCocosCreator\\assets\\textures\\player-focused.png.meta": {
    "time": 1711299090096.6438
  },
  "C:\\Users\\thanh\\OneDrive\\Documents\\Projects\\CocosCreator\\Ludo\\LudoCocosCreator\\assets\\textures\\player-focused.png": {
    "time": 1711299075705.2976,
    "uuid": "a280840e-9236-45df-bc0c-524123432066",
    "missing": false
  },
  "C:\\Users\\thanh\\OneDrive\\Documents\\Projects\\CocosCreator\\Ludo\\LudoCocosCreator\\assets\\textures\\player-select.png.meta": {
    "time": 1711299305212.6511
  },
  "C:\\Users\\thanh\\OneDrive\\Documents\\Projects\\CocosCreator\\Ludo\\LudoCocosCreator\\assets\\textures\\player-select.png": {
    "time": 1711299283752.4155,
    "uuid": "f2dd7f5f-bcb7-4ea3-a3af-c10a818d107b",
    "missing": false
  },
  "C:\\Users\\thanh\\OneDrive\\Documents\\Projects\\CocosCreator\\Ludo\\LudoCocosCreator\\assets\\anims\\circle.anim.meta": {
    "time": 1711299369033.8867
  },
  "C:\\Users\\thanh\\OneDrive\\Documents\\Projects\\CocosCreator\\Ludo\\LudoCocosCreator\\assets\\anims\\circle.anim": {
    "time": 1711299443014.3235,
    "uuid": "da419b7a-f943-4cee-9864-f4368c6454d1",
    "missing": false
  },
  "C:\\Users\\thanh\\OneDrive\\Documents\\Projects\\CocosCreator\\Ludo\\LudoCocosCreator\\assets\\scripts\\PfPlayerAnim.ts.meta": {
    "time": 1711299525166.0352
  },
  "C:\\Users\\thanh\\OneDrive\\Documents\\Projects\\CocosCreator\\Ludo\\LudoCocosCreator\\assets\\scripts\\PfPlayerAnim.ts": {
    "time": 1711568352095.3894,
    "uuid": "4c4148a4-b96b-429c-9a37-90c1e923fb72",
    "missing": false
  },
  "C:\\Users\\thanh\\OneDrive\\Documents\\Projects\\CocosCreator\\Ludo\\LudoCocosCreator\\assets\\prefabs\\pfPlayerAnim.prefab.meta": {
    "time": 1711299917413.1045
  },
  "C:\\Users\\thanh\\OneDrive\\Documents\\Projects\\CocosCreator\\Ludo\\LudoCocosCreator\\assets\\prefabs\\pfPlayerAnim.prefab": {
    "time": 1711371931058.9956,
    "uuid": "148b8a65-edd5-4e82-b14b-7b82ead940df",
    "missing": false
  },
  "C:\\Users\\thanh\\OneDrive\\Documents\\Projects\\CocosCreator\\Ludo\\LudoCocosCreator\\assets\\scripts\\Player.ts.meta": {
    "time": 1711300126470.9744
  },
  "C:\\Users\\thanh\\OneDrive\\Documents\\Projects\\CocosCreator\\Ludo\\LudoCocosCreator\\assets\\scripts\\Player.ts": {
    "time": 1711568504515.232,
    "uuid": "13a015d2-645e-4d0b-8a15-c04643b740f4",
    "missing": false
  },
  "C:\\Users\\thanh\\OneDrive\\Documents\\Projects\\CocosCreator\\Ludo\\LudoCocosCreator\\assets\\textures\\turn-arrow.png.meta": {
    "time": 1711306861946.8948
  },
  "C:\\Users\\thanh\\OneDrive\\Documents\\Projects\\CocosCreator\\Ludo\\LudoCocosCreator\\assets\\textures\\turn-arrow.png": {
    "time": 1711299164047.1985,
    "uuid": "aea971de-15e6-4b70-802b-074784531cad",
    "missing": false
  },
  "C:\\Users\\thanh\\OneDrive\\Documents\\Projects\\CocosCreator\\Ludo\\LudoCocosCreator\\assets\\anims\\turnarrow.anim.meta": {
    "time": 1711306912670.1697
  },
  "C:\\Users\\thanh\\OneDrive\\Documents\\Projects\\CocosCreator\\Ludo\\LudoCocosCreator\\assets\\anims\\turnarrow.anim": {
    "time": 1711307078248.5876,
    "uuid": "f537480c-bbc9-46e6-b883-4c89ce0ec4a5",
    "missing": false
  },
  "C:\\Users\\thanh\\OneDrive\\Documents\\Projects\\CocosCreator\\Ludo\\LudoCocosCreator\\assets\\anims\\bgTurn.anim.meta": {
    "time": 1711307469035.6895
  },
  "C:\\Users\\thanh\\OneDrive\\Documents\\Projects\\CocosCreator\\Ludo\\LudoCocosCreator\\assets\\anims\\bgTurn.anim": {
    "time": 1711307554521.0132,
    "uuid": "f6a437cb-5402-4563-8a6d-6d66556e4967",
    "missing": false
  },
  "C:\\Users\\thanh\\OneDrive\\Documents\\Projects\\CocosCreator\\Ludo\\LudoCocosCreator\\assets\\textures\\popup_bg.png.meta": {
    "time": 1711564703849.6155
  },
  "C:\\Users\\thanh\\OneDrive\\Documents\\Projects\\CocosCreator\\Ludo\\LudoCocosCreator\\assets\\textures\\popup_bg.png": {
    "time": 1711184926012.7883,
    "uuid": "c80cf4c6-fd28-4bd9-90ec-3cba3bcf5892",
    "missing": false
  },
  "C:\\Users\\thanh\\OneDrive\\Documents\\Projects\\CocosCreator\\Ludo\\LudoCocosCreator\\assets\\scripts\\GameResult.ts.meta": {
    "time": 1711564792068.9402
  },
  "C:\\Users\\thanh\\OneDrive\\Documents\\Projects\\CocosCreator\\Ludo\\LudoCocosCreator\\assets\\scripts\\GameResult.ts": {
    "time": 1711565147281.569,
    "uuid": "88a30be3-d336-4c78-8fc9-94d3b1cfe1cf",
    "missing": false
  }
}
