{
  "__type__": "cc.SpriteFrame",
  "content": {
    "name": "button2",
    "atlas": "",
    "rect": {
      "x": 0,
      "y": 0,
      "width": 145,
      "height": 53
    },
    "offset": {
      "x": 0,
      "y": 0
    },
    "originalSize": {
      "width": 145,
      "height": 53
    },
    "rotated": false,
    "capInsets": [
      0,
      0,
      0,
      0
    ],
    "vertices": {
      "rawPosition": [
        -72.5,
        -26.5,
        0,
        72.5,
        -26.5,
        0,
        -72.5,
        26.5,
        0,
        72.5,
        26.5,
        0
      ],
      "indexes": [
        0,
        1,
        2,
        2,
        1,
        3
      ],
      "uv": [
        0,
        53,
        145,
        53,
        0,
        0,
        145,
        0
      ],
      "nuv": [
        0,
        0,
        1,
        0,
        0,
        1,
        1,
        1
      ],
      "minPos": {
        "x": -72.5,
        "y": -26.5,
        "z": 0
      },
      "maxPos": {
        "x": 72.5,
        "y": 26.5,
        "z": 0
      }
    },
    "texture": "438d0d66-b8ff-4a4f-b53d-21973f73063e@6c48a",
    "packable": true,
    "pixelsToUnit": 100,
    "pivot": {
      "x": 0.5,
      "y": 0.5
    },
    "meshType": 0
  }
}