{
  "__type__": "cc.SpriteFrame",
  "content": {
    "name": "popup1",
    "atlas": "",
    "rect": {
      "x": 0,
      "y": 0,
      "width": 171,
      "height": 143
    },
    "offset": {
      "x": 0,
      "y": 0
    },
    "originalSize": {
      "width": 171,
      "height": 143
    },
    "rotated": false,
    "capInsets": [
      50,
      54,
      55,
      57
    ],
    "vertices": {
      "rawPosition": [
        -85.5,
        -71.5,
        0,
        85.5,
        -71.5,
        0,
        -85.5,
        71.5,
        0,
        85.5,
        71.5,
        0
      ],
      "indexes": [
        0,
        1,
        2,
        2,
        1,
        3
      ],
      "uv": [
        0,
        143,
        171,
        143,
        0,
        0,
        171,
        0
      ],
      "nuv": [
        0,
        0,
        1,
        0,
        0,
        1,
        1,
        1
      ],
      "minPos": {
        "x": -85.5,
        "y": -71.5,
        "z": 0
      },
      "maxPos": {
        "x": 85.5,
        "y": 71.5,
        "z": 0
      }
    },
    "texture": "20922c34-e2ed-4e5c-854a-656a1ed04a78@6c48a",
    "packable": true,
    "pixelsToUnit": 100,
    "pivot": {
      "x": 0.5,
      "y": 0.5
    },
    "meshType": 0
  }
}