{
  "__type__": "cc.SpriteFrame",
  "content": {
    "name": "green-on",
    "atlas": "",
    "rect": {
      "x": 0,
      "y": 0,
      "width": 61,
      "height": 62
    },
    "offset": {
      "x": 0,
      "y": 0
    },
    "originalSize": {
      "width": 61,
      "height": 62
    },
    "rotated": false,
    "capInsets": [
      0,
      0,
      0,
      0
    ],
    "vertices": {
      "rawPosition": [
        -30.5,
        -31,
        0,
        30.5,
        -31,
        0,
        -30.5,
        31,
        0,
        30.5,
        31,
        0
      ],
      "indexes": [
        0,
        1,
        2,
        2,
        1,
        3
      ],
      "uv": [
        0,
        62,
        61,
        62,
        0,
        0,
        61,
        0
      ],
      "nuv": [
        0,
        0,
        1,
        0,
        0,
        1,
        1,
        1
      ],
      "minPos": {
        "x": -30.5,
        "y": -31,
        "z": 0
      },
      "maxPos": {
        "x": 30.5,
        "y": 31,
        "z": 0
      }
    },
    "texture": "7fb4a9ac-6059-4bac-8125-112834160101@6c48a",
    "packable": true,
    "pixelsToUnit": 100,
    "pivot": {
      "x": 0.5,
      "y": 0.5
    },
    "meshType": 0
  }
}