{
  "__type__": "cc.SpriteFrame",
  "content": {
    "name": "green",
    "atlas": "",
    "rect": {
      "x": 0,
      "y": 0,
      "width": 69,
      "height": 89
    },
    "offset": {
      "x": 0,
      "y": 0
    },
    "originalSize": {
      "width": 69,
      "height": 89
    },
    "rotated": false,
    "capInsets": [
      0,
      0,
      0,
      0
    ],
    "vertices": {
      "rawPosition": [
        -34.5,
        -44.5,
        0,
        34.5,
        -44.5,
        0,
        -34.5,
        44.5,
        0,
        34.5,
        44.5,
        0
      ],
      "indexes": [
        0,
        1,
        2,
        2,
        1,
        3
      ],
      "uv": [
        0,
        89,
        69,
        89,
        0,
        0,
        69,
        0
      ],
      "nuv": [
        0,
        0,
        1,
        0,
        0,
        1,
        1,
        1
      ],
      "minPos": {
        "x": -34.5,
        "y": -44.5,
        "z": 0
      },
      "maxPos": {
        "x": 34.5,
        "y": 44.5,
        "z": 0
      }
    },
    "texture": "4e6d0fb8-0c7b-42d5-b69a-ef2524205751@6c48a",
    "packable": true,
    "pixelsToUnit": 100,
    "pivot": {
      "x": 0.5,
      "y": 0.5
    },
    "meshType": 0
  }
}