{
  "__type__": "cc.SpriteFrame",
  "content": {
    "name": "blue",
    "atlas": "",
    "rect": {
      "x": 0,
      "y": 0,
      "width": 60,
      "height": 91
    },
    "offset": {
      "x": 0,
      "y": 0
    },
    "originalSize": {
      "width": 60,
      "height": 91
    },
    "rotated": false,
    "capInsets": [
      0,
      0,
      0,
      0
    ],
    "vertices": {
      "rawPosition": [
        -30,
        -45.5,
        0,
        30,
        -45.5,
        0,
        -30,
        45.5,
        0,
        30,
        45.5,
        0
      ],
      "indexes": [
        0,
        1,
        2,
        2,
        1,
        3
      ],
      "uv": [
        0,
        91,
        60,
        91,
        0,
        0,
        60,
        0
      ],
      "nuv": [
        0,
        0,
        1,
        0,
        0,
        1,
        1,
        1
      ],
      "minPos": {
        "x": -30,
        "y": -45.5,
        "z": 0
      },
      "maxPos": {
        "x": 30,
        "y": 45.5,
        "z": 0
      }
    },
    "texture": "66547a84-f73d-41ad-a6db-c5daa3462a29@6c48a",
    "packable": true,
    "pixelsToUnit": 100,
    "pivot": {
      "x": 0.5,
      "y": 0.5
    },
    "meshType": 0
  }
}