{
  "/Volumes/T7/cocos-creator3x/VisualAssetPro/LearnNGo/LearnNGo/assets/scene.meta": {
    "time": 1649564130000
  },
  "/Volumes/T7/cocos-creator3x/VisualAssetPro/LearnNGo/LearnNGo/assets/scene": {
    "time": 1651651336000,
    "uuid": "ac8589b7-0f4b-4765-9d4d-721b1854a2c6",
    "missing": false
  },
  "/Volumes/T7/cocos-creator3x/VisualAssetPro/LearnNGo/LearnNGo/assets/scene/home.scene.meta": {
    "time": 1649564177000
  },
  "/Volumes/T7/cocos-creator3x/VisualAssetPro/LearnNGo/LearnNGo/assets/scene/home.scene": {
    "time": 1651652797000,
    "uuid": "d0e18a01-dd25-49fd-b56c-4a2337ece1b8",
    "missing": false
  },
  "/Volumes/T7/cocos-creator3x/VisualAssetPro/LearnNGo/LearnNGo/assets/scene/splash.scene.meta": {
    "time": 1649564798000
  },
  "/Volumes/T7/cocos-creator3x/VisualAssetPro/LearnNGo/LearnNGo/assets/scene/splash.scene": {
    "time": 1649589919000,
    "uuid": "8e654bf8-bbc7-4d3d-bae2-35119b355bc8",
    "missing": false
  },
  "/Volumes/T7/cocos-creator3x/VisualAssetPro/LearnNGo/LearnNGo/assets/resources.meta": {
    "time": 1649564841000
  },
  "/Volumes/T7/cocos-creator3x/VisualAssetPro/LearnNGo/LearnNGo/assets/resources": {
    "time": 1651636618000,
    "uuid": "ec1ed07d-a526-4f69-b3f5-3f8a9a86904b",
    "missing": false
  },
  "/Volumes/T7/cocos-creator3x/VisualAssetPro/LearnNGo/LearnNGo/assets/resources/splash.meta": {
    "time": 1649564850000
  },
  "/Volumes/T7/cocos-creator3x/VisualAssetPro/LearnNGo/LearnNGo/assets/resources/splash": {
    "time": 1649581763000,
    "uuid": "f976565a-cc8d-49d0-a002-977516e77c94",
    "missing": false
  },
  "/Volumes/T7/cocos-creator3x/VisualAssetPro/LearnNGo/LearnNGo/assets/resources/home.meta": {
    "time": 1649564855000
  },
  "/Volumes/T7/cocos-creator3x/VisualAssetPro/LearnNGo/LearnNGo/assets/resources/home": {
    "time": 1651636308000,
    "uuid": "8a82f2e8-8113-4c96-823a-d25c8002968c",
    "missing": false
  },
  "/Volumes/T7/cocos-creator3x/VisualAssetPro/LearnNGo/LearnNGo/assets/resources/splash/LearnnGo_Splash_Screen_background.jpg.meta": {
    "time": 1649564911000
  },
  "/Volumes/T7/cocos-creator3x/VisualAssetPro/LearnNGo/LearnNGo/assets/resources/splash/LearnnGo_Splash_Screen_background.jpg": {
    "time": 1649564880000,
    "uuid": "f44ba9db-e929-4a09-a537-3562eb3cba03",
    "missing": false
  },
  "/Volumes/T7/cocos-creator3x/VisualAssetPro/LearnNGo/LearnNGo/assets/resources/splash/loadingscreen_frame_bar_black.png.meta": {
    "time": 1649564911000
  },
  "/Volumes/T7/cocos-creator3x/VisualAssetPro/LearnNGo/LearnNGo/assets/resources/splash/loadingscreen_frame_bar_black.png": {
    "time": 1649564895000,
    "uuid": "ca926371-ebfd-4095-9d10-7c3967caa1a3",
    "missing": false
  },
  "/Volumes/T7/cocos-creator3x/VisualAssetPro/LearnNGo/LearnNGo/assets/scripts.meta": {
    "time": 1649578213000
  },
  "/Volumes/T7/cocos-creator3x/VisualAssetPro/LearnNGo/LearnNGo/assets/scripts": {
    "time": 1651652443000,
    "uuid": "fb4f5edd-e8be-4a07-afe7-27ab94327f95",
    "missing": false
  },
  "/Volumes/T7/cocos-creator3x/VisualAssetPro/LearnNGo/LearnNGo/assets/scripts/Splash.ts.meta": {
    "time": 1649578222000
  },
  "/Volumes/T7/cocos-creator3x/VisualAssetPro/LearnNGo/LearnNGo/assets/scripts/Splash.ts": {
    "time": 1650166963000,
    "uuid": "92143892-872f-491d-aec5-d4e45bb629cd",
    "missing": false
  },
  "/Volumes/T7/cocos-creator3x/VisualAssetPro/LearnNGo/LearnNGo/assets/resources/home/Analystic_title.png.meta": {
    "time": 1649644191000
  },
  "/Volumes/T7/cocos-creator3x/VisualAssetPro/LearnNGo/LearnNGo/assets/resources/home/Analystic_frame.png.meta": {
    "time": 1651636308000
  },
  "/Volumes/T7/cocos-creator3x/VisualAssetPro/LearnNGo/LearnNGo/assets/resources/home/click and repeat_clicknrepeat.png.meta": {
    "time": 1649578988000
  },
  "/Volumes/T7/cocos-creator3x/VisualAssetPro/LearnNGo/LearnNGo/assets/resources/home/Analystic_content.png.meta": {
    "time": 1649578988000
  },
  "/Volumes/T7/cocos-creator3x/VisualAssetPro/LearnNGo/LearnNGo/assets/resources/home/click and repeat_frame.png.meta": {
    "time": 1651636280000
  },
  "/Volumes/T7/cocos-creator3x/VisualAssetPro/LearnNGo/LearnNGo/assets/resources/home/coloring books_alphabets.png.meta": {
    "time": 1649578988000
  },
  "/Volumes/T7/cocos-creator3x/VisualAssetPro/LearnNGo/LearnNGo/assets/resources/home/coloring books_Animal.png.meta": {
    "time": 1649578988000
  },
  "/Volumes/T7/cocos-creator3x/VisualAssetPro/LearnNGo/LearnNGo/assets/resources/home/coloring books_Foods.png.meta": {
    "time": 1649578988000
  },
  "/Volumes/T7/cocos-creator3x/VisualAssetPro/LearnNGo/LearnNGo/assets/resources/home/click and repeat_title.png.meta": {
    "time": 1649578988000
  },
  "/Volumes/T7/cocos-creator3x/VisualAssetPro/LearnNGo/LearnNGo/assets/resources/home/coloring books_Vehicle.png.meta": {
    "time": 1649578988000
  },
  "/Volumes/T7/cocos-creator3x/VisualAssetPro/LearnNGo/LearnNGo/assets/resources/home/coloring books_title.png.meta": {
    "time": 1649578988000
  },
  "/Volumes/T7/cocos-creator3x/VisualAssetPro/LearnNGo/LearnNGo/assets/resources/home/coloring books_frame.png.meta": {
    "time": 1651636243000
  },
  "/Volumes/T7/cocos-creator3x/VisualAssetPro/LearnNGo/LearnNGo/assets/resources/home/Multiple Choice Math 1stGrage.png.meta": {
    "time": 1649578988000
  },
  "/Volumes/T7/cocos-creator3x/VisualAssetPro/LearnNGo/LearnNGo/assets/resources/home/Multiple Choice Math title.png.meta": {
    "time": 1649578988000
  },
  "/Volumes/T7/cocos-creator3x/VisualAssetPro/LearnNGo/LearnNGo/assets/resources/home/Multiple Choice Math Frame.png.meta": {
    "time": 1651636039000
  },
  "/Volumes/T7/cocos-creator3x/VisualAssetPro/LearnNGo/LearnNGo/assets/resources/home/Multiple Choice Math kingdergarten.png.meta": {
    "time": 1649578988000
  },
  "/Volumes/T7/cocos-creator3x/VisualAssetPro/LearnNGo/LearnNGo/assets/resources/home/Setting.png.meta": {
    "time": 1651632652000
  },
  "/Volumes/T7/cocos-creator3x/VisualAssetPro/LearnNGo/LearnNGo/assets/resources/home/Multiple Choice Math pre-K.png.meta": {
    "time": 1649578988000
  },
  "/Volumes/T7/cocos-creator3x/VisualAssetPro/LearnNGo/LearnNGo/assets/resources/home/LearnnGo_Home_Screen.jpg.meta": {
    "time": 1649578988000
  },
  "/Volumes/T7/cocos-creator3x/VisualAssetPro/LearnNGo/LearnNGo/assets/resources/home/Analystic_title.png": {
    "time": 1649644191000,
    "uuid": "4244bd71-a411-4b5b-b10c-2044f5934504",
    "missing": false
  },
  "/Volumes/T7/cocos-creator3x/VisualAssetPro/LearnNGo/LearnNGo/assets/resources/home/Analystic_frame.png": {
    "time": 1651636308000,
    "uuid": "f258f3e6-841b-4766-a09d-658e5fd19157",
    "missing": false
  },
  "/Volumes/T7/cocos-creator3x/VisualAssetPro/LearnNGo/LearnNGo/assets/resources/home/click and repeat_clicknrepeat.png": {
    "time": 1649578957000,
    "uuid": "f93107e5-211f-469c-b047-0188fa2860ee",
    "missing": false
  },
  "/Volumes/T7/cocos-creator3x/VisualAssetPro/LearnNGo/LearnNGo/assets/resources/home/Analystic_content.png": {
    "time": 1649578957000,
    "uuid": "2e7f9c5b-868b-4478-a7a2-d83c22a475bb",
    "missing": false
  },
  "/Volumes/T7/cocos-creator3x/VisualAssetPro/LearnNGo/LearnNGo/assets/resources/home/click and repeat_frame.png": {
    "time": 1651636280000,
    "uuid": "7f543993-15bc-4e37-9248-1114dd2c0004",
    "missing": false
  },
  "/Volumes/T7/cocos-creator3x/VisualAssetPro/LearnNGo/LearnNGo/assets/resources/home/coloring books_alphabets.png": {
    "time": 1649578957000,
    "uuid": "fcd93a8c-4dc1-4fec-8992-417d14ae0db3",
    "missing": false
  },
  "/Volumes/T7/cocos-creator3x/VisualAssetPro/LearnNGo/LearnNGo/assets/resources/home/coloring books_Animal.png": {
    "time": 1649578957000,
    "uuid": "9b5693df-4e33-4425-8efb-3bb8f06148d2",
    "missing": false
  },
  "/Volumes/T7/cocos-creator3x/VisualAssetPro/LearnNGo/LearnNGo/assets/resources/home/coloring books_Foods.png": {
    "time": 1649578957000,
    "uuid": "f6d9b251-b061-4b38-a55c-f77eafb62904",
    "missing": false
  },
  "/Volumes/T7/cocos-creator3x/VisualAssetPro/LearnNGo/LearnNGo/assets/resources/home/click and repeat_title.png": {
    "time": 1649578957000,
    "uuid": "7ff47567-d889-40a3-8a61-73c7f17be388",
    "missing": false
  },
  "/Volumes/T7/cocos-creator3x/VisualAssetPro/LearnNGo/LearnNGo/assets/resources/home/coloring books_Vehicle.png": {
    "time": 1649578957000,
    "uuid": "0043bebf-7231-4392-8988-c44fd3bdf090",
    "missing": false
  },
  "/Volumes/T7/cocos-creator3x/VisualAssetPro/LearnNGo/LearnNGo/assets/resources/home/coloring books_title.png": {
    "time": 1649578957000,
    "uuid": "eb3b904a-d38a-4bf1-b7c0-0b600aa7a980",
    "missing": false
  },
  "/Volumes/T7/cocos-creator3x/VisualAssetPro/LearnNGo/LearnNGo/assets/resources/home/coloring books_frame.png": {
    "time": 1651636243000,
    "uuid": "b2c50b23-a607-4e9a-8626-c2d5d7658ffa",
    "missing": false
  },
  "/Volumes/T7/cocos-creator3x/VisualAssetPro/LearnNGo/LearnNGo/assets/resources/home/Multiple Choice Math 1stGrage.png": {
    "time": 1649578957000,
    "uuid": "ca3be03a-c189-4148-a2d5-fb0eb88751b5",
    "missing": false
  },
  "/Volumes/T7/cocos-creator3x/VisualAssetPro/LearnNGo/LearnNGo/assets/resources/home/Multiple Choice Math title.png": {
    "time": 1649578957000,
    "uuid": "98fce9f3-dbfa-4b84-9b4b-d949cedcf1a5",
    "missing": false
  },
  "/Volumes/T7/cocos-creator3x/VisualAssetPro/LearnNGo/LearnNGo/assets/resources/home/Multiple Choice Math Frame.png": {
    "time": 1651636039000,
    "uuid": "8f464e5a-a81a-40e5-9f5c-3fdef178e432",
    "missing": false
  },
  "/Volumes/T7/cocos-creator3x/VisualAssetPro/LearnNGo/LearnNGo/assets/resources/home/Multiple Choice Math kingdergarten.png": {
    "time": 1649578957000,
    "uuid": "be545692-3418-4bce-a3a6-032553b31a52",
    "missing": false
  },
  "/Volumes/T7/cocos-creator3x/VisualAssetPro/LearnNGo/LearnNGo/assets/resources/home/Setting.png": {
    "time": 1651632652000,
    "uuid": "dc2f69d2-aca7-4a1c-a831-1a28c91179e3",
    "missing": false
  },
  "/Volumes/T7/cocos-creator3x/VisualAssetPro/LearnNGo/LearnNGo/assets/resources/home/Multiple Choice Math pre-K.png": {
    "time": 1649578957000,
    "uuid": "8a1a83ac-b87e-44e7-afae-6427be029891",
    "missing": false
  },
  "/Volumes/T7/cocos-creator3x/VisualAssetPro/LearnNGo/LearnNGo/assets/resources/home/LearnnGo_Home_Screen.jpg": {
    "time": 1651634071000,
    "uuid": "acc1c75f-5751-40c1-88c6-2bc207e1d330",
    "missing": false
  },
  "/Volumes/T7/cocos-creator3x/VisualAssetPro/LearnNGo/LearnNGo/assets/resources/home/loadingscreen_logo.png.meta": {
    "time": 1649564911000
  },
  "/Volumes/T7/cocos-creator3x/VisualAssetPro/LearnNGo/LearnNGo/assets/resources/home/loadingscreen_logo.png": {
    "time": 1649564885000,
    "uuid": "87f91bbb-8434-4187-b4f6-837e0117ffdd",
    "missing": false
  },
  "/Volumes/T7/cocos-creator3x/VisualAssetPro/LearnNGo/LearnNGo/assets/resources/fonts.meta": {
    "time": 1649581075000
  },
  "/Volumes/T7/cocos-creator3x/VisualAssetPro/LearnNGo/LearnNGo/assets/resources/fonts": {
    "time": 1649581080000,
    "uuid": "6881c51d-fe8d-40b0-85f7-282d10cbba20",
    "missing": false
  },
  "/Volumes/T7/cocos-creator3x/VisualAssetPro/LearnNGo/LearnNGo/assets/resources/fonts/Sourgrape-2OBDK.ttf.meta": {
    "time": 1649581080000
  },
  "/Volumes/T7/cocos-creator3x/VisualAssetPro/LearnNGo/LearnNGo/assets/resources/fonts/Sourgrape-2OBDK.ttf": {
    "time": 1649581080000,
    "uuid": "3e2debb5-4525-45bd-acf5-32b985052cfd",
    "missing": false
  },
  "/Volumes/T7/cocos-creator3x/VisualAssetPro/LearnNGo/LearnNGo/assets/resources/splash/loading_bar_blue.png.meta": {
    "time": 1649581833000
  },
  "/Volumes/T7/cocos-creator3x/VisualAssetPro/LearnNGo/LearnNGo/assets/resources/splash/loading_bar_blue.png": {
    "time": 1649581751000,
    "uuid": "11c2ef6f-d679-43b0-a347-08af2ec3599e",
    "missing": false
  },
  "/Volumes/T7/cocos-creator3x/VisualAssetPro/LearnNGo/LearnNGo/assets/scripts/Home.ts.meta": {
    "time": 1649583963000
  },
  "/Volumes/T7/cocos-creator3x/VisualAssetPro/LearnNGo/LearnNGo/assets/scripts/Home.ts": {
    "time": 1651652702000,
    "uuid": "95b22bc1-6791-48ad-bb3a-81c2b9284693",
    "missing": false
  },
  "/Volumes/T7/cocos-creator3x/VisualAssetPro/LearnNGo/LearnNGo/assets/resources/sounds.meta": {
    "time": 1649584092000
  },
  "/Volumes/T7/cocos-creator3x/VisualAssetPro/LearnNGo/LearnNGo/assets/resources/sounds": {
    "time": 1649584098000,
    "uuid": "9f2b91c5-169c-4208-8261-d07f18144e7f",
    "missing": false
  },
  "/Volumes/T7/cocos-creator3x/VisualAssetPro/LearnNGo/LearnNGo/assets/resources/sounds/button-click.mp3.meta": {
    "time": 1649584098000
  },
  "/Volumes/T7/cocos-creator3x/VisualAssetPro/LearnNGo/LearnNGo/assets/resources/sounds/button-click.mp3": {
    "time": 1649584098000,
    "uuid": "ed37b12a-655a-4417-9252-4dbc06680008",
    "missing": false
  },
  "/Volumes/T7/cocos-creator3x/VisualAssetPro/LearnNGo/LearnNGo/assets/scripts/audioManager.ts.meta": {
    "time": 1649589127000
  },
  "/Volumes/T7/cocos-creator3x/VisualAssetPro/LearnNGo/LearnNGo/assets/scripts/audioManager.ts": {
    "time": 1649589045000,
    "uuid": "f0c2d904-f48f-4ad5-8123-17ed64d0f802",
    "missing": false
  },
  "/Volumes/T7/cocos-creator3x/VisualAssetPro/LearnNGo/LearnNGo/assets/resources/musics.meta": {
    "time": 1649589381000
  },
  "/Volumes/T7/cocos-creator3x/VisualAssetPro/LearnNGo/LearnNGo/assets/resources/musics": {
    "time": 1649589680000,
    "uuid": "1c17d41e-c6d9-4452-ba90-98181f2f4cd9",
    "missing": false
  },
  "/Volumes/T7/cocos-creator3x/VisualAssetPro/LearnNGo/LearnNGo/assets/resources/musics/Playground_Games_Music.mp3.meta": {
    "time": 1649589681000
  },
  "/Volumes/T7/cocos-creator3x/VisualAssetPro/LearnNGo/LearnNGo/assets/resources/musics/Playground_Games_Music.mp3": {
    "time": 1649589680000,
    "uuid": "f2ae2fae-366f-4058-b4fb-3ce5fa03847a",
    "missing": false
  },
  "/Volumes/T7/cocos-creator3x/VisualAssetPro/LearnNGo/LearnNGo/assets/resources/home/Welcome_Frame.png.meta": {
    "time": 1651632746000
  },
  "/Volumes/T7/cocos-creator3x/VisualAssetPro/LearnNGo/LearnNGo/assets/resources/home/Welcome_Frame.png": {
    "time": 1651632740000,
    "uuid": "f84c6836-0257-4310-ab86-f5774edf51ea",
    "missing": false
  },
  "/Volumes/T7/cocos-creator3x/VisualAssetPro/LearnNGo/LearnNGo/assets/resources/home/Swaloews_Home_Frame.png.meta": {
    "time": 1651634240000
  },
  "/Volumes/T7/cocos-creator3x/VisualAssetPro/LearnNGo/LearnNGo/assets/resources/home/Swaloews_Home_Frame.png": {
    "time": 1651634236000,
    "uuid": "6ae8b227-130f-40a9-8fac-7e53e2df1064",
    "missing": false
  },
  "/Volumes/T7/cocos-creator3x/VisualAssetPro/LearnNGo/LearnNGo/assets/resources/prefabs.meta": {
    "time": 1651636541000
  },
  "/Volumes/T7/cocos-creator3x/VisualAssetPro/LearnNGo/LearnNGo/assets/resources/prefabs": {
    "time": 1651636549000,
    "uuid": "7d197154-e6dd-496e-a6e7-fd371ebb0b41",
    "missing": false
  },
  "/Volumes/T7/cocos-creator3x/VisualAssetPro/LearnNGo/LearnNGo/assets/resources/prefabs/Settings.prefab.meta": {
    "time": 1651636549000
  },
  "/Volumes/T7/cocos-creator3x/VisualAssetPro/LearnNGo/LearnNGo/assets/resources/prefabs/Settings.prefab": {
    "time": 1651650454000,
    "uuid": "79e33d0f-b8f0-4a46-810d-aae23d7acddb",
    "missing": false
  },
  "/Volumes/T7/cocos-creator3x/VisualAssetPro/LearnNGo/LearnNGo/assets/resources/imgs.meta": {
    "time": 1651636618000
  },
  "/Volumes/T7/cocos-creator3x/VisualAssetPro/LearnNGo/LearnNGo/assets/resources/imgs": {
    "time": 1651651364000,
    "uuid": "f5320901-cce9-4605-8ddd-c3469036d124",
    "missing": false
  },
  "/Volumes/T7/cocos-creator3x/VisualAssetPro/LearnNGo/LearnNGo/assets/resources/imgs/settings.meta": {
    "time": 1651636623000
  },
  "/Volumes/T7/cocos-creator3x/VisualAssetPro/LearnNGo/LearnNGo/assets/resources/imgs/settings": {
    "time": 1651648160000,
    "uuid": "4724d9eb-f6b0-43ab-8250-cf552b061f74",
    "missing": false
  },
  "/Volumes/T7/cocos-creator3x/VisualAssetPro/LearnNGo/LearnNGo/assets/Frame_Setting.png.meta": {
    "time": 1651636629000
  },
  "/Volumes/T7/cocos-creator3x/VisualAssetPro/LearnNGo/LearnNGo/assets/Frame_Setting.png": {
    "time": 1651636629000,
    "uuid": "995480de-3105-471b-8faa-92f603ee29c0",
    "missing": false
  },
  "/Volumes/T7/cocos-creator3x/VisualAssetPro/LearnNGo/LearnNGo/assets/resources/imgs/settings/Frame_Setting.png.meta": {
    "time": 1651636644000
  },
  "/Volumes/T7/cocos-creator3x/VisualAssetPro/LearnNGo/LearnNGo/assets/resources/imgs/settings/Frame_Setting.png": {
    "time": 1651636635000,
    "uuid": "38a4fb55-0859-4b90-8108-573feef8134c",
    "missing": false
  },
  "/Volumes/T7/cocos-creator3x/VisualAssetPro/LearnNGo/LearnNGo/assets/resources/imgs/settings/Title_Setting.png.meta": {
    "time": 1651636686000
  },
  "/Volumes/T7/cocos-creator3x/VisualAssetPro/LearnNGo/LearnNGo/assets/resources/imgs/settings/Title_Setting.png": {
    "time": 1651636682000,
    "uuid": "527404fb-ef48-402c-824e-3582b139f570",
    "missing": false
  },
  "/Volumes/T7/cocos-creator3x/VisualAssetPro/LearnNGo/LearnNGo/assets/resources/imgs/settings/Close_Setting.png.meta": {
    "time": 1651636809000
  },
  "/Volumes/T7/cocos-creator3x/VisualAssetPro/LearnNGo/LearnNGo/assets/resources/imgs/settings/Close_Setting.png": {
    "time": 1651636803000,
    "uuid": "87ab4f20-70e8-4edd-8d8b-8dfd11d5ff7d",
    "missing": false
  },
  "/Volumes/T7/cocos-creator3x/VisualAssetPro/LearnNGo/LearnNGo/assets/scripts/Settings.ts.meta": {
    "time": 1651637038000
  },
  "/Volumes/T7/cocos-creator3x/VisualAssetPro/LearnNGo/LearnNGo/assets/scripts/Settings.ts": {
    "time": 1651650453000,
    "uuid": "e11e3f26-43c8-4bdf-b956-3cfc1eb88f57",
    "missing": false
  },
  "/Volumes/T7/cocos-creator3x/VisualAssetPro/LearnNGo/LearnNGo/assets/resources/imgs/settings/Button_Privacy_Setting.png.meta": {
    "time": 1651637904000
  },
  "/Volumes/T7/cocos-creator3x/VisualAssetPro/LearnNGo/LearnNGo/assets/resources/imgs/settings/Privaycy_Setting.png.meta": {
    "time": 1651638254000
  },
  "/Volumes/T7/cocos-creator3x/VisualAssetPro/LearnNGo/LearnNGo/assets/resources/imgs/settings/Button_TermCondition_Setting.png.meta": {
    "time": 1651637904000
  },
  "/Volumes/T7/cocos-creator3x/VisualAssetPro/LearnNGo/LearnNGo/assets/resources/imgs/settings/TermCondition_Setting.png.meta": {
    "time": 1651638254000
  },
  "/Volumes/T7/cocos-creator3x/VisualAssetPro/LearnNGo/LearnNGo/assets/resources/imgs/settings/Button_AboutUs_Setting.png.meta": {
    "time": 1651637904000
  },
  "/Volumes/T7/cocos-creator3x/VisualAssetPro/LearnNGo/LearnNGo/assets/resources/imgs/settings/AboutUs_Pass_Setting.png.meta": {
    "time": 1651637904000
  },
  "/Volumes/T7/cocos-creator3x/VisualAssetPro/LearnNGo/LearnNGo/assets/resources/imgs/settings/Button_ChangePass_Setting.png.meta": {
    "time": 1651637904000
  },
  "/Volumes/T7/cocos-creator3x/VisualAssetPro/LearnNGo/LearnNGo/assets/resources/imgs/settings/Change_Pass_Setting.png.meta": {
    "time": 1651637904000
  },
  "/Volumes/T7/cocos-creator3x/VisualAssetPro/LearnNGo/LearnNGo/assets/resources/imgs/settings/Frame_Small_Setting.png.meta": {
    "time": 1651638254000
  },
  "/Volumes/T7/cocos-creator3x/VisualAssetPro/LearnNGo/LearnNGo/assets/resources/imgs/settings/Profile_Setting.png.meta": {
    "time": 1651638254000
  },
  "/Volumes/T7/cocos-creator3x/VisualAssetPro/LearnNGo/LearnNGo/assets/resources/imgs/settings/Button_Profile_Setting.png.meta": {
    "time": 1651637904000
  },
  "/Volumes/T7/cocos-creator3x/VisualAssetPro/LearnNGo/LearnNGo/assets/resources/imgs/settings/Button_Privacy_Setting.png": {
    "time": 1651637898000,
    "uuid": "7afb99a5-29f8-42ca-bb89-aa5d311bffed",
    "missing": false
  },
  "/Volumes/T7/cocos-creator3x/VisualAssetPro/LearnNGo/LearnNGo/assets/resources/imgs/settings/Privaycy_Setting.png": {
    "time": 1651637898000,
    "uuid": "34d49d06-3eee-4d7d-bbd7-5b107ba009ea",
    "missing": false
  },
  "/Volumes/T7/cocos-creator3x/VisualAssetPro/LearnNGo/LearnNGo/assets/resources/imgs/settings/Button_TermCondition_Setting.png": {
    "time": 1651637898000,
    "uuid": "b2c77e0f-84e4-49ce-bad0-796e47eb5cde",
    "missing": false
  },
  "/Volumes/T7/cocos-creator3x/VisualAssetPro/LearnNGo/LearnNGo/assets/resources/imgs/settings/TermCondition_Setting.png": {
    "time": 1651637898000,
    "uuid": "998b0476-93fa-4584-829f-f73589fdbd75",
    "missing": false
  },
  "/Volumes/T7/cocos-creator3x/VisualAssetPro/LearnNGo/LearnNGo/assets/resources/imgs/settings/Button_AboutUs_Setting.png": {
    "time": 1651637898000,
    "uuid": "7853269a-abc6-47ed-ab8a-2f2ebb9d65fe",
    "missing": false
  },
  "/Volumes/T7/cocos-creator3x/VisualAssetPro/LearnNGo/LearnNGo/assets/resources/imgs/settings/AboutUs_Pass_Setting.png": {
    "time": 1651637898000,
    "uuid": "91b4edea-86d8-4fff-b8e8-49fc6b7d2683",
    "missing": false
  },
  "/Volumes/T7/cocos-creator3x/VisualAssetPro/LearnNGo/LearnNGo/assets/resources/imgs/settings/Button_ChangePass_Setting.png": {
    "time": 1651637898000,
    "uuid": "935230b7-b00e-4472-a0d4-2ff711389c0a",
    "missing": false
  },
  "/Volumes/T7/cocos-creator3x/VisualAssetPro/LearnNGo/LearnNGo/assets/resources/imgs/settings/Change_Pass_Setting.png": {
    "time": 1651637898000,
    "uuid": "05d78b80-5ac7-4ec1-ade4-a883315fb517",
    "missing": false
  },
  "/Volumes/T7/cocos-creator3x/VisualAssetPro/LearnNGo/LearnNGo/assets/resources/imgs/settings/Frame_Small_Setting.png": {
    "time": 1651637898000,
    "uuid": "2c3d0839-cd8d-4a2a-a374-e54752c1ad22",
    "missing": false
  },
  "/Volumes/T7/cocos-creator3x/VisualAssetPro/LearnNGo/LearnNGo/assets/resources/imgs/settings/Profile_Setting.png": {
    "time": 1651637898000,
    "uuid": "ef388b6a-3bad-4ecb-bc7f-d79e5b20af2f",
    "missing": false
  },
  "/Volumes/T7/cocos-creator3x/VisualAssetPro/LearnNGo/LearnNGo/assets/resources/imgs/settings/Button_Profile_Setting.png": {
    "time": 1651637898000,
    "uuid": "de4b6ca5-0940-4f37-a024-35c749aa744b",
    "missing": false
  },
  "/Volumes/T7/cocos-creator3x/VisualAssetPro/LearnNGo/LearnNGo/assets/resources/imgs/settings/Playground_BeachBall.png.meta": {
    "time": 1651648161000
  },
  "/Volumes/T7/cocos-creator3x/VisualAssetPro/LearnNGo/LearnNGo/assets/resources/imgs/settings/Playground_BeachBall.png": {
    "time": 1651648160000,
    "uuid": "aaabae0e-8728-4363-bae9-4f86a089715b",
    "missing": false
  },
  "/Volumes/T7/cocos-creator3x/VisualAssetPro/LearnNGo/LearnNGo/assets/scene/multichoicemath.scene.meta": {
    "time": 1651650714000
  },
  "/Volumes/T7/cocos-creator3x/VisualAssetPro/LearnNGo/LearnNGo/assets/scene/multichoicemath.scene": {
    "time": 1651671963000,
    "uuid": "471ca75f-e159-4c18-932a-b3563789e3e3",
    "missing": false
  },
  "/Volumes/T7/cocos-creator3x/VisualAssetPro/LearnNGo/LearnNGo/assets/resources/imgs/multichoicemath.meta": {
    "time": 1651651364000
  },
  "/Volumes/T7/cocos-creator3x/VisualAssetPro/LearnNGo/LearnNGo/assets/resources/imgs/multichoicemath": {
    "time": 1651651370000,
    "uuid": "2d9664c1-3532-47ac-85c2-2469c7fc970f",
    "missing": false
  },
  "/Volumes/T7/cocos-creator3x/VisualAssetPro/LearnNGo/LearnNGo/assets/resources/imgs/multichoicemath/Square.png.meta": {
    "time": 1651651380000
  },
  "/Volumes/T7/cocos-creator3x/VisualAssetPro/LearnNGo/LearnNGo/assets/resources/imgs/multichoicemath/Triangle.png.meta": {
    "time": 1651651380000
  },
  "/Volumes/T7/cocos-creator3x/VisualAssetPro/LearnNGo/LearnNGo/assets/resources/imgs/multichoicemath/Title_Multichoice.png.meta": {
    "time": 1651651380000
  },
  "/Volumes/T7/cocos-creator3x/VisualAssetPro/LearnNGo/LearnNGo/assets/resources/imgs/multichoicemath/Frame_Multichoice.png.meta": {
    "time": 1651651380000
  },
  "/Volumes/T7/cocos-creator3x/VisualAssetPro/LearnNGo/LearnNGo/assets/resources/imgs/multichoicemath/Background_Multichoice.jpg.meta": {
    "time": 1651651380000
  },
  "/Volumes/T7/cocos-creator3x/VisualAssetPro/LearnNGo/LearnNGo/assets/resources/imgs/multichoicemath/Back.png.meta": {
    "time": 1651651380000
  },
  "/Volumes/T7/cocos-creator3x/VisualAssetPro/LearnNGo/LearnNGo/assets/resources/imgs/multichoicemath/Profile.png.meta": {
    "time": 1651651380000
  },
  "/Volumes/T7/cocos-creator3x/VisualAssetPro/LearnNGo/LearnNGo/assets/resources/imgs/multichoicemath/OK Button.png.meta": {
    "time": 1651651380000
  },
  "/Volumes/T7/cocos-creator3x/VisualAssetPro/LearnNGo/LearnNGo/assets/resources/imgs/multichoicemath/Square.png": {
    "time": 1651651370000,
    "uuid": "0d74f794-805e-4daa-82e2-4b018a8221dd",
    "missing": false
  },
  "/Volumes/T7/cocos-creator3x/VisualAssetPro/LearnNGo/LearnNGo/assets/resources/imgs/multichoicemath/Triangle.png": {
    "time": 1651651370000,
    "uuid": "edd81b1a-32f4-4a9f-88d7-55c6be4977b9",
    "missing": false
  },
  "/Volumes/T7/cocos-creator3x/VisualAssetPro/LearnNGo/LearnNGo/assets/resources/imgs/multichoicemath/Title_Multichoice.png": {
    "time": 1651651370000,
    "uuid": "1707b66e-0968-4f0f-be69-933eab30f9ad",
    "missing": false
  },
  "/Volumes/T7/cocos-creator3x/VisualAssetPro/LearnNGo/LearnNGo/assets/resources/imgs/multichoicemath/Frame_Multichoice.png": {
    "time": 1651651370000,
    "uuid": "0f2b5417-404c-4935-b1f2-a465c8815b6b",
    "missing": false
  },
  "/Volumes/T7/cocos-creator3x/VisualAssetPro/LearnNGo/LearnNGo/assets/resources/imgs/multichoicemath/Background_Multichoice.jpg": {
    "time": 1651651370000,
    "uuid": "c59895eb-8168-44aa-a554-7518bf4fc40d",
    "missing": false
  },
  "/Volumes/T7/cocos-creator3x/VisualAssetPro/LearnNGo/LearnNGo/assets/resources/imgs/multichoicemath/Back.png": {
    "time": 1651651370000,
    "uuid": "d4bc82ad-4fd7-4323-9000-ac1de70c2cb9",
    "missing": false
  },
  "/Volumes/T7/cocos-creator3x/VisualAssetPro/LearnNGo/LearnNGo/assets/resources/imgs/multichoicemath/Profile.png": {
    "time": 1651651370000,
    "uuid": "28e99e91-0fb9-4339-aa4f-ef77c394fe28",
    "missing": false
  },
  "/Volumes/T7/cocos-creator3x/VisualAssetPro/LearnNGo/LearnNGo/assets/resources/imgs/multichoicemath/OK Button.png": {
    "time": 1651651370000,
    "uuid": "13405946-4d97-44fc-a863-81190a609e51",
    "missing": false
  },
  "/Volumes/T7/cocos-creator3x/VisualAssetPro/LearnNGo/LearnNGo/assets/scripts/MultiChoiceMath.ts.meta": {
    "time": 1651652443000
  },
  "/Volumes/T7/cocos-creator3x/VisualAssetPro/LearnNGo/LearnNGo/assets/scripts/MultiChoiceMath.ts": {
    "time": 1651652722000,
    "uuid": "82df919b-81ee-46f5-a80e-9cc6e58afc2d",
    "missing": false
  }
}
