[
    1,
    [
        "00Q76/cjFDkomIxE/TvfCQ@6c48a"
    ],
    [
        "_textureSource"
    ],
    [
        "cc.SpriteFrame"
    ],
    0,
    [
        {
            "name": "coloring books_Vehicle",
            "rect": {
                "x": 0,
                "y": 0,
                "width": 554,
                "height": 266
            },
            "offset": {
                "x": 0,
                "y": 0
            },
            "originalSize": {
                "width": 554,
                "height": 266
            },
            "rotated": false,
            "capInsets": [
                0,
                0,
                0,
                0
            ],
            "packable": true
        }
    ],
    [
        0
    ],
    0,
    [
        0
    ],
    [
        0
    ],
    [
        0
    ]
]
