{
  "__type__": "cc.SpriteFrame",
  "content": {
    "name": "dice5",
    "atlas": "",
    "rect": {
      "x": 0,
      "y": 0,
      "width": 63,
      "height": 62
    },
    "offset": {
      "x": 0,
      "y": 0
    },
    "originalSize": {
      "width": 63,
      "height": 62
    },
    "rotated": false,
    "capInsets": [
      0,
      0,
      0,
      0
    ],
    "vertices": {
      "rawPosition": [
        -31.5,
        -31,
        0,
        31.5,
        -31,
        0,
        -31.5,
        31,
        0,
        31.5,
        31,
        0
      ],
      "indexes": [
        0,
        1,
        2,
        2,
        1,
        3
      ],
      "uv": [
        0,
        62,
        63,
        62,
        0,
        0,
        63,
        0
      ],
      "nuv": [
        0,
        0,
        1,
        0,
        0,
        1,
        1,
        1
      ],
      "minPos": {
        "x": -31.5,
        "y": -31,
        "z": 0
      },
      "maxPos": {
        "x": 31.5,
        "y": 31,
        "z": 0
      }
    },
    "texture": "fdddc4f9-13b6-4b5b-becd-a2621758c47a@6c48a",
    "packable": true,
    "pixelsToUnit": 100,
    "pivot": {
      "x": 0.5,
      "y": 0.5
    },
    "meshType": 0
  }
}