{
  "__type__": "cc.SpriteFrame",
  "content": {
    "name": "color-off",
    "atlas": "",
    "rect": {
      "x": 0,
      "y": 0,
      "width": 48,
      "height": 50
    },
    "offset": {
      "x": 0,
      "y": 0
    },
    "originalSize": {
      "width": 48,
      "height": 50
    },
    "rotated": false,
    "capInsets": [
      0,
      0,
      0,
      0
    ],
    "vertices": {
      "rawPosition": [
        -24,
        -25,
        0,
        24,
        -25,
        0,
        -24,
        25,
        0,
        24,
        25,
        0
      ],
      "indexes": [
        0,
        1,
        2,
        2,
        1,
        3
      ],
      "uv": [
        0,
        50,
        48,
        50,
        0,
        0,
        48,
        0
      ],
      "nuv": [
        0,
        0,
        1,
        0,
        0,
        1,
        1,
        1
      ],
      "minPos": {
        "x": -24,
        "y": -25,
        "z": 0
      },
      "maxPos": {
        "x": 24,
        "y": 25,
        "z": 0
      }
    },
    "texture": "d1fdd47d-c9f6-4252-81ab-534b03b045cf@6c48a",
    "packable": true,
    "pixelsToUnit": 100,
    "pivot": {
      "x": 0.5,
      "y": 0.5
    },
    "meshType": 0
  }
}