[
  {
    "__type__": "cc.AnimationClip",
    "_name": "dice",
    "_objFlags": 0,
    "__editorExtras__": {
      "embeddedPlayerGroups": []
    },
    "_native": "",
    "sample": 24,
    "speed": 1,
    "wrapMode": 1,
    "enableTrsBlending": false,
    "_duration": 0.3333333333333333,
    "_hash": 500763545,
    "_tracks": [
      {
        "__id__": 1
      }
    ],
    "_exoticAnimation": null,
    "_events": [],
    "_embeddedPlayers": []
  },
  {
    "__type__": "cc.animation.ObjectTrack",
    "_binding": {
      "__type__": "cc.animation.TrackBinding",
      "path": {
        "__id__": 2
      },
      "proxy": null
    },
    "_channel": {
      "__id__": 4
    }
  },
  {
    "__type__": "cc.animation.TrackPath",
    "_paths": [
      {
        "__id__": 3
      },
      "spriteFrame"
    ]
  },
  {
    "__type__": "cc.animation.ComponentPath",
    "component": "cc.Sprite"
  },
  {
    "__type__": "cc.animation.Channel",
    "_curve": {
      "__id__": 5
    }
  },
  {
    "__type__": "cc.ObjectCurve",
    "_times": [
      0,
      0.041666666666666664,
      0.08333333333333333,
      0.125,
      0.16666666666666666,
      0.20833333333333334,
      0.25,
      0.2916666666666667
    ],
    "_values": [
      {
        "__uuid__": "41a9f186-307d-49db-8e8f-ad3f3c3e83d2@2863e",
        "__expectedType__": "cc.SpriteFrame"
      },
      {
        "__uuid__": "41a9f186-307d-49db-8e8f-ad3f3c3e83d2@f8eb9",
        "__expectedType__": "cc.SpriteFrame"
      },
      {
        "__uuid__": "41a9f186-307d-49db-8e8f-ad3f3c3e83d2@8299f",
        "__expectedType__": "cc.SpriteFrame"
      },
      {
        "__uuid__": "41a9f186-307d-49db-8e8f-ad3f3c3e83d2@db2ac",
        "__expectedType__": "cc.SpriteFrame"
      },
      {
        "__uuid__": "41a9f186-307d-49db-8e8f-ad3f3c3e83d2@3926f",
        "__expectedType__": "cc.SpriteFrame"
      },
      {
        "__uuid__": "41a9f186-307d-49db-8e8f-ad3f3c3e83d2@7d858",
        "__expectedType__": "cc.SpriteFrame"
      },
      {
        "__uuid__": "41a9f186-307d-49db-8e8f-ad3f3c3e83d2@ca5e8",
        "__expectedType__": "cc.SpriteFrame"
      },
      {
        "__uuid__": "41a9f186-307d-49db-8e8f-ad3f3c3e83d2@07bc3",
        "__expectedType__": "cc.SpriteFrame"
      }
    ]
  }
]