{
  "__type__": "cc.SpriteFrame",
  "content": {
    "name": "turn-arrow",
    "atlas": "",
    "rect": {
      "x": 0,
      "y": 0,
      "width": 40,
      "height": 36
    },
    "offset": {
      "x": 0,
      "y": 0
    },
    "originalSize": {
      "width": 40,
      "height": 36
    },
    "rotated": false,
    "capInsets": [
      0,
      0,
      0,
      0
    ],
    "vertices": {
      "rawPosition": [
        -20,
        -18,
        0,
        20,
        -18,
        0,
        -20,
        18,
        0,
        20,
        18,
        0
      ],
      "indexes": [
        0,
        1,
        2,
        2,
        1,
        3
      ],
      "uv": [
        0,
        36,
        40,
        36,
        0,
        0,
        40,
        0
      ],
      "nuv": [
        0,
        0,
        1,
        0,
        0,
        1,
        1,
        1
      ],
      "minPos": {
        "x": -20,
        "y": -18,
        "z": 0
      },
      "maxPos": {
        "x": 20,
        "y": 18,
        "z": 0
      }
    },
    "texture": "aea971de-15e6-4b70-802b-074784531cad@6c48a",
    "packable": true,
    "pixelsToUnit": 100,
    "pivot": {
      "x": 0.5,
      "y": 0.5
    },
    "meshType": 0
  }
}