{
  "__type__": "cc.SpriteFrame",
  "content": {
    "name": "item1",
    "atlas": "",
    "rect": {
      "x": 0,
      "y": 0,
      "width": 143,
      "height": 72
    },
    "offset": {
      "x": 0,
      "y": 0
    },
    "originalSize": {
      "width": 143,
      "height": 72
    },
    "rotated": false,
    "capInsets": [
      0,
      0,
      0,
      0
    ],
    "vertices": {
      "rawPosition": [
        -71.5,
        -36,
        0,
        71.5,
        -36,
        0,
        -71.5,
        36,
        0,
        71.5,
        36,
        0
      ],
      "indexes": [
        0,
        1,
        2,
        2,
        1,
        3
      ],
      "uv": [
        0,
        72,
        143,
        72,
        0,
        0,
        143,
        0
      ],
      "nuv": [
        0,
        0,
        1,
        0,
        0,
        1,
        1,
        1
      ],
      "minPos": {
        "x": -71.5,
        "y": -36,
        "z": 0
      },
      "maxPos": {
        "x": 71.5,
        "y": 36,
        "z": 0
      }
    },
    "texture": "db8ef368-bd9e-463f-8ba7-e6257bcbffed@6c48a",
    "packable": true,
    "pixelsToUnit": 100,
    "pivot": {
      "x": 0.5,
      "y": 0.5
    },
    "meshType": 0
  }
}