{
  "__type__": "cc.SpriteFrame",
  "content": {
    "name": "item2",
    "atlas": "",
    "rect": {
      "x": 0,
      "y": 0,
      "width": 31,
      "height": 20
    },
    "offset": {
      "x": 0,
      "y": 0
    },
    "originalSize": {
      "width": 31,
      "height": 20
    },
    "rotated": false,
    "capInsets": [
      0,
      0,
      0,
      0
    ],
    "vertices": {
      "rawPosition": [
        -15.5,
        -10,
        0,
        15.5,
        -10,
        0,
        -15.5,
        10,
        0,
        15.5,
        10,
        0
      ],
      "indexes": [
        0,
        1,
        2,
        2,
        1,
        3
      ],
      "uv": [
        0,
        20,
        31,
        20,
        0,
        0,
        31,
        0
      ],
      "nuv": [
        0,
        0,
        1,
        0,
        0,
        1,
        1,
        1
      ],
      "minPos": {
        "x": -15.5,
        "y": -10,
        "z": 0
      },
      "maxPos": {
        "x": 15.5,
        "y": 10,
        "z": 0
      }
    },
    "texture": "337ec2d7-6d30-4975-9351-f13cc9f8dab9@6c48a",
    "packable": true,
    "pixelsToUnit": 100,
    "pivot": {
      "x": 0.5,
      "y": 0.5
    },
    "meshType": 0
  }
}