[
    1,
    [
        "286Z6RD7lDOapP73fDlP4o@6c48a"
    ],
    [
        "_textureSource"
    ],
    [
        "cc.SpriteFrame"
    ],
    0,
    [
        {
            "name": "Profile",
            "rect": {
                "x": 0,
                "y": 0,
                "width": 574,
                "height": 257
            },
            "offset": {
                "x": 0,
                "y": 0
            },
            "originalSize": {
                "width": 574,
                "height": 257
            },
            "rotated": false,
            "capInsets": [
                0,
                0,
                0,
                0
            ],
            "packable": true
        }
    ],
    [
        0
    ],
    0,
    [
        0
    ],
    [
        0
    ],
    [
        0
    ]
]
