[
    1,
    [
        "17B7ZuCWhPD75pkz6rMPmt@6c48a"
    ],
    [
        "_textureSource"
    ],
    [
        "cc.SpriteFrame"
    ],
    0,
    [
        {
            "name": "Title_Multichoice",
            "rect": {
                "x": 0,
                "y": 0,
                "width": 419,
                "height": 151
            },
            "offset": {
                "x": 0,
                "y": 0
            },
            "originalSize": {
                "width": 419,
                "height": 151
            },
            "rotated": false,
            "capInsets": [
                0,
                0,
                0,
                0
            ],
            "packable": true
        }
    ],
    [
        0
    ],
    0,
    [
        0
    ],
    [
        0
    ],
    [
        0
    ]
]
