{
  "assets/scripts/Loading.js": {
    "imports": {
      "cc": "quick-pack:/cce/internal/x/cc.js"
    },
    "physicalLocation": "fs/0/assets/scripts/Loading.js",
    "mTimestamp": 1649578222314
  },
  "assets/scripts/Splash.js": {
    "imports": {
      "cc": "quick-pack:/cce/internal/x/cc.js"
    },
    "physicalLocation": "fs/0/assets/scripts/Splash.js",
    "mTimestamp": 1651671015949
  },
  "assets/scripts/Home.js": {
    "imports": {
      "cc": "quick-pack:/cce/internal/x/cc.js",
      "__unresolved_1": "assets/scripts/audioManager.js",
      "__unresolved_0": "quick-pack:/cce/internal/code-quality/cr.js"
    },
    "physicalLocation": "fs/0/assets/scripts/Home.js",
    "mTimestamp": 1651671015878
  },
  "assets/scripts/audioManager.js": {
    "imports": {
      "cc": "quick-pack:/cce/internal/x/cc.js"
    },
    "physicalLocation": "fs/0/assets/scripts/audioManager.js",
    "mTimestamp": 1651671015771
  },
  "assets/scripts/Settings.js": {
    "imports": {
      "cc": "quick-pack:/cce/internal/x/cc.js"
    },
    "physicalLocation": "fs/0/assets/scripts/Settings.js",
    "mTimestamp": 1651671015600
  },
  "assets/scripts/mutichoicemath.js": {
    "imports": {
      "cc": "quick-pack:/cce/internal/x/cc.js"
    },
    "physicalLocation": "fs/0/assets/scripts/mutichoicemath.js",
    "mTimestamp": 1651652238242
  },
  "assets/scripts/Mutichoicemath.js": {
    "imports": {
      "cc": "quick-pack:/cce/internal/x/cc.js"
    },
    "physicalLocation": "fs/0/assets/scripts/Mutichoicemath.js",
    "mTimestamp": 1651652243467
  },
  "assets/scripts/Multichoicemath.js": {
    "imports": {
      "cc": "quick-pack:/cce/internal/x/cc.js"
    },
    "physicalLocation": "fs/0/assets/scripts/Multichoicemath.js",
    "mTimestamp": 1651652304215
  },
  "assets/scripts/MultiChoiceMath.js": {
    "imports": {
      "cc": "quick-pack:/cce/internal/x/cc.js"
    },
    "physicalLocation": "fs/0/assets/scripts/MultiChoiceMath.js",
    "mTimestamp": 1651671015976
  },
  "quick-pack:/cce/internal/x/cc.js": {
    "imports": {
      "__unresolved_0": {
        "external": true,
        "url": "cce:/internal/x/cc-fu/base"
      },
      "__unresolved_1": {
        "external": true,
        "url": "cce:/internal/x/cc-fu/gfx-webgl"
      },
      "__unresolved_2": {
        "external": true,
        "url": "cce:/internal/x/cc-fu/gfx-webgl2"
      },
      "__unresolved_3": {
        "external": true,
        "url": "cce:/internal/x/cc-fu/3d"
      },
      "__unresolved_4": {
        "external": true,
        "url": "cce:/internal/x/cc-fu/2d"
      },
      "__unresolved_5": {
        "external": true,
        "url": "cce:/internal/x/cc-fu/ui"
      },
      "__unresolved_6": {
        "external": true,
        "url": "cce:/internal/x/cc-fu/particle"
      },
      "__unresolved_7": {
        "external": true,
        "url": "cce:/internal/x/cc-fu/particle-2d"
      },
      "__unresolved_8": {
        "external": true,
        "url": "cce:/internal/x/cc-fu/physics-framework"
      },
      "__unresolved_9": {
        "external": true,
        "url": "cce:/internal/x/cc-fu/physics-2d-framework"
      },
      "__unresolved_10": {
        "external": true,
        "url": "cce:/internal/x/cc-fu/intersection-2d"
      },
      "__unresolved_11": {
        "external": true,
        "url": "cce:/internal/x/cc-fu/primitive"
      },
      "__unresolved_12": {
        "external": true,
        "url": "cce:/internal/x/cc-fu/profiler"
      },
      "__unresolved_13": {
        "external": true,
        "url": "cce:/internal/x/cc-fu/audio"
      },
      "__unresolved_14": {
        "external": true,
        "url": "cce:/internal/x/cc-fu/video"
      },
      "__unresolved_15": {
        "external": true,
        "url": "cce:/internal/x/cc-fu/terrain"
      },
      "__unresolved_16": {
        "external": true,
        "url": "cce:/internal/x/cc-fu/webview"
      },
      "__unresolved_17": {
        "external": true,
        "url": "cce:/internal/x/cc-fu/tween"
      },
      "__unresolved_18": {
        "external": true,
        "url": "cce:/internal/x/cc-fu/tiled-map"
      },
      "__unresolved_19": {
        "external": true,
        "url": "cce:/internal/x/cc-fu/spine"
      },
      "__unresolved_20": {
        "external": true,
        "url": "cce:/internal/x/cc-fu/dragon-bones"
      }
    },
    "physicalLocation": "cce/internal/x/cc.js",
    "mTimestamp": 1651671015493,
    "isEntry": true,
    "exposeAs": "cce:/internal/x/cc"
  },
  "quick-pack:/cce/internal/x/prerequisite-imports.js": {
    "imports": {
      "__unresolved_2": "assets/scripts/Settings.js",
      "__unresolved_0": "assets/scripts/Home.js",
      "__unresolved_4": "assets/scripts/audioManager.js",
      "__unresolved_3": "assets/scripts/Splash.js",
      "__unresolved_1": "assets/scripts/MultiChoiceMath.js"
    },
    "physicalLocation": "cce/internal/x/prerequisite-imports.js",
    "mTimestamp": 1651671015563,
    "isEntry": true,
    "exposeAs": "cce:/internal/x/prerequisite-imports"
  },
  "quick-pack:/cce/internal/code-quality/cr.js": {
    "imports": {},
    "physicalLocation": "cce/internal/code-quality/cr.js",
    "mTimestamp": 1651671015991
  }
}
