{
  "cce:/internal/x/cc": {
    "mTimestamp": 10284.129499994218,
    "chunkId": "quick-pack:/cce/internal/x/cc.js",
    "imports": [
      {
        "value": "cce:/internal/x/cc-fu/base",
        "rewritten": "__unresolved_0",
        "loc": {
          "start": {
            "line": 1,
            "column": 14
          },
          "end": {
            "line": 1,
            "column": 42
          }
        }
      },
      {
        "value": "cce:/internal/x/cc-fu/gfx-webgl",
        "rewritten": "__unresolved_1",
        "loc": {
          "start": {
            "line": 2,
            "column": 14
          },
          "end": {
            "line": 2,
            "column": 47
          }
        }
      },
      {
        "value": "cce:/internal/x/cc-fu/gfx-webgl2",
        "rewritten": "__unresolved_2",
        "loc": {
          "start": {
            "line": 3,
            "column": 14
          },
          "end": {
            "line": 3,
            "column": 48
          }
        }
      },
      {
        "value": "cce:/internal/x/cc-fu/3d",
        "rewritten": "__unresolved_3",
        "loc": {
          "start": {
            "line": 4,
            "column": 14
          },
          "end": {
            "line": 4,
            "column": 40
          }
        }
      },
      {
        "value": "cce:/internal/x/cc-fu/2d",
        "rewritten": "__unresolved_4",
        "loc": {
          "start": {
            "line": 5,
            "column": 14
          },
          "end": {
            "line": 5,
            "column": 40
          }
        }
      },
      {
        "value": "cce:/internal/x/cc-fu/ui",
        "rewritten": "__unresolved_5",
        "loc": {
          "start": {
            "line": 6,
            "column": 14
          },
          "end": {
            "line": 6,
            "column": 40
          }
        }
      },
      {
        "value": "cce:/internal/x/cc-fu/particle",
        "rewritten": "__unresolved_6",
        "loc": {
          "start": {
            "line": 7,
            "column": 14
          },
          "end": {
            "line": 7,
            "column": 46
          }
        }
      },
      {
        "value": "cce:/internal/x/cc-fu/particle-2d",
        "rewritten": "__unresolved_7",
        "loc": {
          "start": {
            "line": 8,
            "column": 14
          },
          "end": {
            "line": 8,
            "column": 49
          }
        }
      },
      {
        "value": "cce:/internal/x/cc-fu/physics-framework",
        "rewritten": "__unresolved_8",
        "loc": {
          "start": {
            "line": 9,
            "column": 14
          },
          "end": {
            "line": 9,
            "column": 55
          }
        }
      },
      {
        "value": "cce:/internal/x/cc-fu/physics-2d-framework",
        "rewritten": "__unresolved_9",
        "loc": {
          "start": {
            "line": 10,
            "column": 14
          },
          "end": {
            "line": 10,
            "column": 58
          }
        }
      },
      {
        "value": "cce:/internal/x/cc-fu/intersection-2d",
        "rewritten": "__unresolved_10",
        "loc": {
          "start": {
            "line": 11,
            "column": 14
          },
          "end": {
            "line": 11,
            "column": 53
          }
        }
      },
      {
        "value": "cce:/internal/x/cc-fu/primitive",
        "rewritten": "__unresolved_11",
        "loc": {
          "start": {
            "line": 12,
            "column": 14
          },
          "end": {
            "line": 12,
            "column": 47
          }
        }
      },
      {
        "value": "cce:/internal/x/cc-fu/profiler",
        "rewritten": "__unresolved_12",
        "loc": {
          "start": {
            "line": 13,
            "column": 14
          },
          "end": {
            "line": 13,
            "column": 46
          }
        }
      },
      {
        "value": "cce:/internal/x/cc-fu/audio",
        "rewritten": "__unresolved_13",
        "loc": {
          "start": {
            "line": 14,
            "column": 14
          },
          "end": {
            "line": 14,
            "column": 43
          }
        }
      },
      {
        "value": "cce:/internal/x/cc-fu/video",
        "rewritten": "__unresolved_14",
        "loc": {
          "start": {
            "line": 15,
            "column": 14
          },
          "end": {
            "line": 15,
            "column": 43
          }
        }
      },
      {
        "value": "cce:/internal/x/cc-fu/terrain",
        "rewritten": "__unresolved_15",
        "loc": {
          "start": {
            "line": 16,
            "column": 14
          },
          "end": {
            "line": 16,
            "column": 45
          }
        }
      },
      {
        "value": "cce:/internal/x/cc-fu/webview",
        "rewritten": "__unresolved_16",
        "loc": {
          "start": {
            "line": 17,
            "column": 14
          },
          "end": {
            "line": 17,
            "column": 45
          }
        }
      },
      {
        "value": "cce:/internal/x/cc-fu/tween",
        "rewritten": "__unresolved_17",
        "loc": {
          "start": {
            "line": 18,
            "column": 14
          },
          "end": {
            "line": 18,
            "column": 43
          }
        }
      },
      {
        "value": "cce:/internal/x/cc-fu/tiled-map",
        "rewritten": "__unresolved_18",
        "loc": {
          "start": {
            "line": 19,
            "column": 14
          },
          "end": {
            "line": 19,
            "column": 47
          }
        }
      },
      {
        "value": "cce:/internal/x/cc-fu/spine",
        "rewritten": "__unresolved_19",
        "loc": {
          "start": {
            "line": 20,
            "column": 14
          },
          "end": {
            "line": 20,
            "column": 43
          }
        }
      },
      {
        "value": "cce:/internal/x/cc-fu/dragon-bones",
        "rewritten": "__unresolved_20",
        "loc": {
          "start": {
            "line": 21,
            "column": 14
          },
          "end": {
            "line": 21,
            "column": 50
          }
        }
      }
    ],
    "modLoMetadata": {
      "type": "esm"
    },
    "resolvedImports": [
      {
        "specifierOrURL": "cce:/internal/x/cc-fu/base",
        "isExternal": true
      },
      {
        "specifierOrURL": "cce:/internal/x/cc-fu/gfx-webgl",
        "isExternal": true
      },
      {
        "specifierOrURL": "cce:/internal/x/cc-fu/gfx-webgl2",
        "isExternal": true
      },
      {
        "specifierOrURL": "cce:/internal/x/cc-fu/3d",
        "isExternal": true
      },
      {
        "specifierOrURL": "cce:/internal/x/cc-fu/2d",
        "isExternal": true
      },
      {
        "specifierOrURL": "cce:/internal/x/cc-fu/ui",
        "isExternal": true
      },
      {
        "specifierOrURL": "cce:/internal/x/cc-fu/particle",
        "isExternal": true
      },
      {
        "specifierOrURL": "cce:/internal/x/cc-fu/particle-2d",
        "isExternal": true
      },
      {
        "specifierOrURL": "cce:/internal/x/cc-fu/physics-framework",
        "isExternal": true
      },
      {
        "specifierOrURL": "cce:/internal/x/cc-fu/physics-2d-framework",
        "isExternal": true
      },
      {
        "specifierOrURL": "cce:/internal/x/cc-fu/intersection-2d",
        "isExternal": true
      },
      {
        "specifierOrURL": "cce:/internal/x/cc-fu/primitive",
        "isExternal": true
      },
      {
        "specifierOrURL": "cce:/internal/x/cc-fu/profiler",
        "isExternal": true
      },
      {
        "specifierOrURL": "cce:/internal/x/cc-fu/audio",
        "isExternal": true
      },
      {
        "specifierOrURL": "cce:/internal/x/cc-fu/video",
        "isExternal": true
      },
      {
        "specifierOrURL": "cce:/internal/x/cc-fu/terrain",
        "isExternal": true
      },
      {
        "specifierOrURL": "cce:/internal/x/cc-fu/webview",
        "isExternal": true
      },
      {
        "specifierOrURL": "cce:/internal/x/cc-fu/tween",
        "isExternal": true
      },
      {
        "specifierOrURL": "cce:/internal/x/cc-fu/tiled-map",
        "isExternal": true
      },
      {
        "specifierOrURL": "cce:/internal/x/cc-fu/spine",
        "isExternal": true
      },
      {
        "specifierOrURL": "cce:/internal/x/cc-fu/dragon-bones",
        "isExternal": true
      }
    ]
  },
  "cce:/internal/x/prerequisite-imports": {
    "mTimestamp": 22404.485500000417,
    "chunkId": "quick-pack:/cce/internal/x/prerequisite-imports.js",
    "imports": [
      {
        "value": "file:///Volumes/T7/cocos-creator3x/VisualAssetPro/LearnNGo/LearnNGo/assets/scripts/Home.ts",
        "rewritten": "__unresolved_0",
        "loc": {
          "start": {
            "line": 5,
            "column": 35
          },
          "end": {
            "line": 5,
            "column": 127
          }
        }
      },
      {
        "value": "file:///Volumes/T7/cocos-creator3x/VisualAssetPro/LearnNGo/LearnNGo/assets/scripts/MultiChoiceMath.ts",
        "rewritten": "__unresolved_1",
        "loc": {
          "start": {
            "line": 5,
            "column": 143
          },
          "end": {
            "line": 5,
            "column": 246
          }
        }
      },
      {
        "value": "file:///Volumes/T7/cocos-creator3x/VisualAssetPro/LearnNGo/LearnNGo/assets/scripts/Settings.ts",
        "rewritten": "__unresolved_2",
        "loc": {
          "start": {
            "line": 5,
            "column": 262
          },
          "end": {
            "line": 5,
            "column": 358
          }
        }
      },
      {
        "value": "file:///Volumes/T7/cocos-creator3x/VisualAssetPro/LearnNGo/LearnNGo/assets/scripts/Splash.ts",
        "rewritten": "__unresolved_3",
        "loc": {
          "start": {
            "line": 5,
            "column": 374
          },
          "end": {
            "line": 5,
            "column": 468
          }
        }
      },
      {
        "value": "file:///Volumes/T7/cocos-creator3x/VisualAssetPro/LearnNGo/LearnNGo/assets/scripts/audioManager.ts",
        "rewritten": "__unresolved_4",
        "loc": {
          "start": {
            "line": 5,
            "column": 484
          },
          "end": {
            "line": 5,
            "column": 584
          }
        }
      }
    ],
    "modLoMetadata": {
      "type": "esm"
    },
    "resolvedImports": [
      {
        "isExternal": false,
        "url": "file:///Volumes/T7/cocos-creator3x/VisualAssetPro/LearnNGo/LearnNGo/assets/scripts/Home.ts"
      },
      {
        "isExternal": false,
        "url": "file:///Volumes/T7/cocos-creator3x/VisualAssetPro/LearnNGo/LearnNGo/assets/scripts/MultiChoiceMath.ts"
      },
      {
        "isExternal": false,
        "url": "file:///Volumes/T7/cocos-creator3x/VisualAssetPro/LearnNGo/LearnNGo/assets/scripts/Settings.ts"
      },
      {
        "isExternal": false,
        "url": "file:///Volumes/T7/cocos-creator3x/VisualAssetPro/LearnNGo/LearnNGo/assets/scripts/Splash.ts"
      },
      {
        "isExternal": false,
        "url": "file:///Volumes/T7/cocos-creator3x/VisualAssetPro/LearnNGo/LearnNGo/assets/scripts/audioManager.ts"
      }
    ]
  },
  "cce:/internal/code-quality/cr.mjs": {
    "mTimestamp": 1651670993246,
    "chunkId": "quick-pack:/cce/internal/code-quality/cr.js",
    "imports": [],
    "modLoMetadata": {
      "type": "esm"
    },
    "resolvedImports": []
  },
  "file:///Volumes/T7/cocos-creator3x/VisualAssetPro/LearnNGo/LearnNGo/assets/scripts/Settings.ts": {
    "mTimestamp": 1651650453000,
    "chunkId": "assets/scripts/Settings.js",
    "imports": [
      {
        "value": "cc"
      },
      {
        "value": "cc",
        "loc": {
          "start": {
            "line": 2,
            "column": 56
          },
          "end": {
            "line": 2,
            "column": 60
          }
        }
      }
    ],
    "modLoMetadata": {
      "type": "esm"
    },
    "resolvedImports": [
      {
        "isExternal": false,
        "url": "cce:/internal/x/cc"
      },
      {
        "isExternal": false,
        "url": "cce:/internal/x/cc"
      }
    ]
  },
  "file:///Volumes/T7/cocos-creator3x/VisualAssetPro/LearnNGo/LearnNGo/assets/scripts/Home.ts": {
    "mTimestamp": 1651652702000,
    "chunkId": "assets/scripts/Home.js",
    "imports": [
      {
        "value": "cce:/internal/code-quality/cr.mjs",
        "rewritten": "__unresolved_0"
      },
      {
        "value": "cc"
      },
      {
        "value": "cc",
        "loc": {
          "start": {
            "line": 2,
            "column": 100
          },
          "end": {
            "line": 2,
            "column": 104
          }
        }
      },
      {
        "value": "./audioManager",
        "rewritten": "__unresolved_1",
        "loc": {
          "start": {
            "line": 3,
            "column": 29
          },
          "end": {
            "line": 3,
            "column": 45
          }
        }
      }
    ],
    "modLoMetadata": {
      "type": "esm"
    },
    "resolvedImports": [
      {
        "isExternal": false,
        "url": "cce:/internal/code-quality/cr.mjs"
      },
      {
        "isExternal": false,
        "url": "cce:/internal/x/cc"
      },
      {
        "isExternal": false,
        "url": "cce:/internal/x/cc"
      },
      {
        "isExternal": false,
        "url": "file:///Volumes/T7/cocos-creator3x/VisualAssetPro/LearnNGo/LearnNGo/assets/scripts/audioManager.ts"
      }
    ]
  },
  "file:///Volumes/T7/cocos-creator3x/VisualAssetPro/LearnNGo/LearnNGo/assets/scripts/audioManager.ts": {
    "mTimestamp": 1649589045000,
    "chunkId": "assets/scripts/audioManager.js",
    "imports": [
      {
        "value": "cc"
      },
      {
        "value": "cc",
        "loc": {
          "start": {
            "line": 1,
            "column": 73
          },
          "end": {
            "line": 1,
            "column": 77
          }
        }
      }
    ],
    "modLoMetadata": {
      "type": "esm"
    },
    "resolvedImports": [
      {
        "isExternal": false,
        "url": "cce:/internal/x/cc"
      },
      {
        "isExternal": false,
        "url": "cce:/internal/x/cc"
      }
    ]
  },
  "file:///Volumes/T7/cocos-creator3x/VisualAssetPro/LearnNGo/LearnNGo/assets/scripts/Splash.ts": {
    "mTimestamp": 1650166963000,
    "chunkId": "assets/scripts/Splash.js",
    "imports": [
      {
        "value": "cc"
      },
      {
        "value": "cc",
        "loc": {
          "start": {
            "line": 2,
            "column": 92
          },
          "end": {
            "line": 2,
            "column": 96
          }
        }
      }
    ],
    "modLoMetadata": {
      "type": "esm"
    },
    "resolvedImports": [
      {
        "isExternal": false,
        "url": "cce:/internal/x/cc"
      },
      {
        "isExternal": false,
        "url": "cce:/internal/x/cc"
      }
    ]
  },
  "file:///Volumes/T7/cocos-creator3x/VisualAssetPro/LearnNGo/LearnNGo/assets/scripts/MultiChoiceMath.ts": {
    "mTimestamp": 1651652722000,
    "chunkId": "assets/scripts/MultiChoiceMath.js",
    "imports": [
      {
        "value": "cc"
      },
      {
        "value": "cc",
        "loc": {
          "start": {
            "line": 2,
            "column": 66
          },
          "end": {
            "line": 2,
            "column": 70
          }
        }
      }
    ],
    "modLoMetadata": {
      "type": "esm"
    },
    "resolvedImports": [
      {
        "isExternal": false,
        "url": "cce:/internal/x/cc"
      },
      {
        "isExternal": false,
        "url": "cce:/internal/x/cc"
      }
    ]
  }
}
