{
  "__type__": "cc.SpriteFrame",
  "content": {
    "name": "popup_bg",
    "atlas": "",
    "rect": {
      "x": 0,
      "y": 0,
      "width": 316,
      "height": 235
    },
    "offset": {
      "x": 0,
      "y": 0
    },
    "originalSize": {
      "width": 316,
      "height": 235
    },
    "rotated": false,
    "capInsets": [
      0,
      0,
      0,
      0
    ],
    "vertices": {
      "rawPosition": [
        -158,
        -117.5,
        0,
        158,
        -117.5,
        0,
        -158,
        117.5,
        0,
        158,
        117.5,
        0
      ],
      "indexes": [
        0,
        1,
        2,
        2,
        1,
        3
      ],
      "uv": [
        0,
        235,
        316,
        235,
        0,
        0,
        316,
        0
      ],
      "nuv": [
        0,
        0,
        1,
        0,
        0,
        1,
        1,
        1
      ],
      "minPos": {
        "x": -158,
        "y": -117.5,
        "z": 0
      },
      "maxPos": {
        "x": 158,
        "y": 117.5,
        "z": 0
      }
    },
    "texture": "c80cf4c6-fd28-4bd9-90ec-3cba3bcf5892@6c48a",
    "packable": true,
    "pixelsToUnit": 100,
    "pivot": {
      "x": 0.5,
      "y": 0.5
    },
    "meshType": 0
  }
}