{
  "__type__": "cc.SpriteFrame",
  "content": {
    "name": "item5",
    "atlas": "",
    "rect": {
      "x": 0,
      "y": 0,
      "width": 45,
      "height": 45
    },
    "offset": {
      "x": 0,
      "y": 0
    },
    "originalSize": {
      "width": 45,
      "height": 45
    },
    "rotated": false,
    "capInsets": [
      0,
      0,
      0,
      0
    ],
    "vertices": {
      "rawPosition": [
        -22.5,
        -22.5,
        0,
        22.5,
        -22.5,
        0,
        -22.5,
        22.5,
        0,
        22.5,
        22.5,
        0
      ],
      "indexes": [
        0,
        1,
        2,
        2,
        1,
        3
      ],
      "uv": [
        0,
        45,
        45,
        45,
        0,
        0,
        45,
        0
      ],
      "nuv": [
        0,
        0,
        1,
        0,
        0,
        1,
        1,
        1
      ],
      "minPos": {
        "x": -22.5,
        "y": -22.5,
        "z": 0
      },
      "maxPos": {
        "x": 22.5,
        "y": 22.5,
        "z": 0
      }
    },
    "texture": "9c58512a-dc3d-4a45-8fb3-7daf471bf54e@6c48a",
    "packable": true,
    "pixelsToUnit": 100,
    "pivot": {
      "x": 0.5,
      "y": 0.5
    },
    "meshType": 0
  }
}