{
  "__type__": "cc.SpriteFrame",
  "content": {
    "name": "board",
    "atlas": "",
    "rect": {
      "x": 0,
      "y": 0,
      "width": 718,
      "height": 721
    },
    "offset": {
      "x": 0,
      "y": 0
    },
    "originalSize": {
      "width": 718,
      "height": 721
    },
    "rotated": false,
    "capInsets": [
      0,
      0,
      0,
      0
    ],
    "vertices": {
      "rawPosition": [
        -359,
        -360.5,
        0,
        359,
        -360.5,
        0,
        -359,
        360.5,
        0,
        359,
        360.5,
        0
      ],
      "indexes": [
        0,
        1,
        2,
        2,
        1,
        3
      ],
      "uv": [
        0,
        721,
        718,
        721,
        0,
        0,
        718,
        0
      ],
      "nuv": [
        0,
        0,
        1,
        0,
        0,
        1,
        1,
        1
      ],
      "minPos": {
        "x": -359,
        "y": -360.5,
        "z": 0
      },
      "maxPos": {
        "x": 359,
        "y": 360.5,
        "z": 0
      }
    },
    "texture": "5aaa1a3c-13a8-4924-8324-95c1113a6f40@6c48a",
    "packable": true,
    "pixelsToUnit": 100,
    "pivot": {
      "x": 0.5,
      "y": 0.5
    },
    "meshType": 0
  }
}