[
    1,
    [
        "42RL1xpBFLW7EMIET1k0UE@6c48a"
    ],
    [
        "_textureSource"
    ],
    [
        "cc.SpriteFrame"
    ],
    0,
    [
        {
            "name": "Analystic_title",
            "rect": {
                "x": 0,
                "y": 0,
                "width": 1176,
                "height": 77
            },
            "offset": {
                "x": 0,
                "y": 0
            },
            "originalSize": {
                "width": 1176,
                "height": 77
            },
            "rotated": false,
            "capInsets": [
                0,
                0,
                0,
                0
            ],
            "packable": true
        }
    ],
    [
        0
    ],
    0,
    [
        0
    ],
    [
        0
    ],
    [
        0
    ]
]
