{
  "c77ecaa8-c936-46c4-a5b0-98692673ed87": {
    "assetUuid": "c77ecaa8-c936-46c4-a5b0-98692673ed87",
    "animationUuid": "",
    "expandLevels": [
      "0",
      "0_0"
    ]
  },
  "12b56cef-5ea4-499d-b0ba-b89d9b9cdc4a": {
    "assetUuid": "12b56cef-5ea4-499d-b0ba-b89d9b9cdc4a",
    "animationUuid": "",
    "expandLevels": [
      "0",
      "0_0",
      "0_0_1",
      "0_0_2_0",
      "0_0_3_0",
      "0_0_3_7",
      "0_0_3_12",
      "0_0_3_13",
      "0_0_3_16",
      "0_0_3_19",
      "0_0_3_22",
      "0_0_3_25",
      "0_0_3_27",
      "0_0_3_31",
      "0_0_3_32",
      "0_0_3_35",
      "0_0_3_43",
      "0_0_3_44",
      "0_0_3_45",
      "0_0_3_48",
      "0_0_3_50",
      "0_0_3_52",
      "0_0_3_54",
      "0_0_3_55",
      "0_0_3_56",
      "0_0_3_57",
      "0_0_3_58",
      "0_0_3_60",
      "0_0_3_61",
      "0_0_3_62",
      "0_0_3_63",
      "0_0_3_65",
      "0_0_3_66",
      "0_0_3_67",
      "0_0_3_68",
      "0_0_3_69",
      "0_0_3_70",
      "0_0_3_71",
      "0_0_3_72",
      "0_0_3_73",
      "0_0_3_74",
      "0_0_3_75",
      "0_0_3_76",
      "0_0_3_78",
      "0_0_3_79",
      "0_0_3_80",
      "0_0_3_81",
      "0_0_3_82",
      "0_0_3_83",
      "0_0_3_84",
      "0_0_3_85",
      "0_0_3_86",
      "0_0_3_87",
      "0_0_3_88",
      "0_0_3_89",
      "0_0_3_90",
      "0_0_3_91",
      "0_0_3_92",
      "0_0_3_93",
      "0_0_3_95",
      "0_0_3_97",
      "0_0_3_98",
      "0_0_3_99",
      "0_0_4_0_0_0",
      "0_0_4_0_0_1",
      "0_0_4_0_0_2",
      "0_0_4_0_1",
      "0_0_4_1",
      "0_0_4_3_2",
      "0_0_5_0",
      "0_0_5_1",
      "0_0_5_1_1_0",
      "0_0_5_1_1_0_1",
      "0_0_5_1_2_0",
      "0_0_5_1_2_0_1",
      "0_0_6_1_0",
      "0_0_6_1_1",
      "0_0_6_1_1_0",
      "0_0_6_1_1_1",
      "0_0_6_1_1_2",
      "0_0_6_1_1_2_0",
      "0_0_6_1_1_3",
      "0_0_6_1_1_3_1",
      "0_0_7_1",
      "0_0_7_1_0",
      "0_0_7_1_1",
      "0_0_7_1_2"
    ]
  },
  "148b8a65-edd5-4e82-b14b-7b82ead940df": {
    "assetUuid": "148b8a65-edd5-4e82-b14b-7b82ead940df",
    "animationUuid": "",
    "expandLevels": [
      "0"
    ]
  },
  "ffab8b08-9e22-4aad-92e6-b209dba56e48": {
    "assetUuid": "ffab8b08-9e22-4aad-92e6-b209dba56e48",
    "animationUuid": "",
    "expandLevels": [
      "0"
    ]
  }
}
