{
  "__type__": "cc.SpriteFrame",
  "content": {
    "name": "sound-off",
    "atlas": "",
    "rect": {
      "x": 0,
      "y": 0,
      "width": 53,
      "height": 47
    },
    "offset": {
      "x": 0,
      "y": 0
    },
    "originalSize": {
      "width": 53,
      "height": 47
    },
    "rotated": false,
    "capInsets": [
      0,
      0,
      0,
      0
    ],
    "vertices": {
      "rawPosition": [
        -26.5,
        -23.5,
        0,
        26.5,
        -23.5,
        0,
        -26.5,
        23.5,
        0,
        26.5,
        23.5,
        0
      ],
      "indexes": [
        0,
        1,
        2,
        2,
        1,
        3
      ],
      "uv": [
        0,
        47,
        53,
        47,
        0,
        0,
        53,
        0
      ],
      "nuv": [
        0,
        0,
        1,
        0,
        0,
        1,
        1,
        1
      ],
      "minPos": {
        "x": -26.5,
        "y": -23.5,
        "z": 0
      },
      "maxPos": {
        "x": 26.5,
        "y": 23.5,
        "z": 0
      }
    },
    "texture": "a0c98e01-0a20-44f4-a8b4-4cf8f21a68ad@6c48a",
    "packable": true,
    "pixelsToUnit": 100,
    "pivot": {
      "x": 0.5,
      "y": 0.5
    },
    "meshType": 0
  }
}