{
  "__type__": "cc.SpriteFrame",
  "content": {
    "name": "item4",
    "atlas": "",
    "rect": {
      "x": 0,
      "y": 0,
      "width": 40,
      "height": 38
    },
    "offset": {
      "x": 0,
      "y": 0
    },
    "originalSize": {
      "width": 40,
      "height": 38
    },
    "rotated": false,
    "capInsets": [
      0,
      0,
      0,
      0
    ],
    "vertices": {
      "rawPosition": [
        -20,
        -19,
        0,
        20,
        -19,
        0,
        -20,
        19,
        0,
        20,
        19,
        0
      ],
      "indexes": [
        0,
        1,
        2,
        2,
        1,
        3
      ],
      "uv": [
        0,
        38,
        40,
        38,
        0,
        0,
        40,
        0
      ],
      "nuv": [
        0,
        0,
        1,
        0,
        0,
        1,
        1,
        1
      ],
      "minPos": {
        "x": -20,
        "y": -19,
        "z": 0
      },
      "maxPos": {
        "x": 20,
        "y": 19,
        "z": 0
      }
    },
    "texture": "289a8c12-f3c0-47a5-b2fb-7ff2a508e22d@6c48a",
    "packable": true,
    "pixelsToUnit": 100,
    "pivot": {
      "x": 0.5,
      "y": 0.5
    },
    "meshType": 0
  }
}